Latitud,Longitud
33.43,-111.94
-29.79,30.83
36.06,-94.16
N/A,N/A
29.62,-95.63
33.78,-84.44
N/A,N/A
N/A,N/A
52.52,13.39
5.76,-73.38
N/A,N/A
36.7,-118.76
N/A,N/A
36.17,-115.15
40.7,-74.26
44.95,-93.09
30.27,-97.74
N/A,N/A
50,8.28
34.42,-119.7
32.78,-96.8
42.46,-83.13
35.79,-78.78
N/A,N/A
5.34,-72.4
39.78,-100.45
38.73,-105.61
N/A,N/A
33.16,-94.97
7.94,98.35
47.76,-122.21
33.78,-84.44
40.71,-74.01
10.09,-84.3
N/A,N/A
N/A,N/A
42.33,-83.05
41.89,12.48
40.03,-83.16
37.98,23.73
33.77,-118.19
N/A,N/A
N/A,N/A
40.08,-74.4
51.05,-114.07
41.26,-95.94
29.95,-90.07
39.1,-84.51
N/A,N/A
N/A,N/A
41.88,-87.62
4.73,-74.04
5.34,-72.4
N/A,N/A
9.92,-84.14
N/A,N/A
N/A,N/A
39.78,-100.45
40.82,-73.99
30.27,-97.74
35.37,-105.45
-33.93,18.42
N/A,N/A
49.28,-122.79
9.99,-84.07
45.76,4.83
5.34,-72.4
N/A,N/A
10.3,-85.84
40.66,-74.21
N/A,N/A
52.68,-1.82
N/A,N/A
N/A,N/A
N/A,N/A
51.41,-0.74
45.01,-93.16
44.65,-63.59
N/A,N/A
45.5,-73.57
9.41,-84.16
50.02,-125.24
51.47,6.57
42.87,-73.93
42.19,-70.77
53.48,-2.25
40.09,-74.21
N/A,N/A
N/A,N/A
41.49,-71.31
40.07,-82.52
34.05,-118.24
N/A,N/A
29.1,-81.01
45.16,-92.99
44.78,-88.61
61.22,-149.89
N/A,N/A
N/A,N/A
42.52,-83.54
43.73,-80.95
32.82,35
53.48,-2.25
N/A,N/A
38.83,-104.83
39.19,-76.74
61.22,-149.89
34.42,-119.7
N/A,N/A
43.14,-72.53
42.66,-83.15
45.42,-75.69
N/A,N/A
37.34,-121.89
40.89,-73.97
9.41,-84.16
18.55,-72.34
N/A,N/A
52.72,-4.05
N/A,N/A
N/A,N/A
43.7,-112.01
50,-86
10.47,-84.64
44.65,-63.59
30.27,-97.74
35.48,-80.86
N/A,N/A
45.48,-75.68
27.1,-82.45
39.1,-84.51
10.1,-83.45
55.17,-118.79
40.71,-74.01
N/A,N/A
N/A,N/A
N/A,N/A
51.51,-0.13
27.75,-97.4
39.2,-86.54
51.51,-0.13
45.42,-75.69
43.59,-116.56
N/A,N/A
51.51,-0.13
14.56,-90.73
40.71,-74.01
26.3,50.2
N/A,N/A
24.44,54.41
30.27,-97.74
36.16,-86.77
29.76,-95.37
52.63,1.29
35.08,-106.65
N/A,N/A
34.05,-118.24
40.71,-74.01
28.61,-80.81
40.76,-111.89
37.78,-122.42
43.65,-79.38
37.78,-122.42
N/A,N/A
N/A,N/A
40.43,-74.87
47.48,-122.2
47.6,-122.33
20.63,-87.08
-25.84,28.18
36.85,-75.98
40.85,-73.1
44.74,-80.13
38.69,0.13
28.54,-81.38
34.05,-118.24
N/A,N/A
32.78,-96.8
37.78,-122.42
N/A,N/A
N/A,N/A
N/A,N/A
42.07,-87.81
5.34,-72.4
39.95,-75.16
N/A,N/A
39.91,-100.79
34.05,-118.24
40.61,-73.65
N/A,N/A
9.41,-84.16
41.01,28.97
48.15,16.06
51.08,10.42
-13.27,33.93
9.41,-84.16
40.71,-74.01
42.13,-80.09
26.01,-80.15
N/A,N/A
22.31,70.8
38.89,-77.04
9.93,-84.08
N/A,N/A
37.34,-121.89
N/A,N/A
N/A,N/A
29.95,-90.07
43.19,-79.56
44.32,-79.55
55.53,-106.14
55.69,12.57
N/A,N/A
13.7,-89.19
N/A,N/A
N/A,N/A
26.12,-80.14
10.22,-84.57
42.26,-71.8
37.98,23.73
N/A,N/A
27.5,-82.57
25.77,-80.19
32.72,-117.16
9.41,-84.16
N/A,N/A
40.76,-111.89
N/A,N/A
52.08,5.13
9.92,-84.14
51.51,-0.13
N/A,N/A
42.45,-73.25
51.51,-0.13
33.45,-112.07
37.38,-122.12
39.97,-74.94
34.05,-118.24
33.73,-117.77
28.54,-81.38
49.26,-123.11
26.14,-81.79
28.54,-81.38
50.45,-104.62
27.5,-82.57
36.16,-86.77
37.68,-113.06
25.77,-80.19
48.75,-122.48
52.53,-1.26
42.36,-71.06
52.48,-1.9
35.67,-79.04
N/A,N/A
42.38,-72.03
N/A,N/A
37.72,-122.16
30.81,-93.74
39.77,-86.16
N/A,N/A
20.89,-156.67
37.44,-122.16
40.71,-74.01
40.42,-3.7
32.72,-117.16
41.06,-74.14
N/A,N/A
26.27,-80.18
25.77,-80.19
10.27,-84.07
38.25,-85.76
27.97,-82.8
26.66,-80.24
33.88,-117.57
32.62,-115.45
40.23,-74.8
39.77,-75.14
40.47,-111.24
N/A,N/A
38.65,-90.24
40.71,-74.01
35.19,-79.43
29.76,-95.37
N/A,N/A
N/A,N/A
N/A,N/A
2.44,-76.61
51.77,0.46
N/A,N/A
N/A,N/A
41.55,-8.43
N/A,N/A
31.78,-97.58
33.78,-84.44
32.94,-96.38
14.62,-90.52
35.23,-80.84
N/A,N/A
51.56,-1.79
39.1,-84.51
N/A,N/A
N/A,N/A
43.59,-70.23
9.41,-84.16
28.7,-81.35
41.88,-87.62
29.95,-90.07
43.45,-80.12
43.65,-79.38
46.81,-100.78
39.53,-119.81
-17.33,-61.5
53.52,-1.13
45.47,9.19
-37.81,144.96
N/A,N/A
42.36,-71.06
-41.22,175.42
33.62,-117.93
41.64,-83.49
34.04,-118.24
N/A,N/A
52.69,4.81
N/A,N/A
40.71,-74.01
34.05,-118.24
41.29,-72.38
47.56,-52.72
47.77,-116.83
-37.81,144.96
52.54,13.06
53.35,-113.42
51.5,3.89
51.51,-0.13
40.35,-74.66
51.49,-0.14
N/A,N/A
38.96,-77.34
51.05,-114.07
N/A,N/A
43.03,-79.29
N/A,N/A
53.9,-1.35
51.45,-2.6
47.48,19.15
42.36,-71.06
44.44,26.1
33.89,-118.4
51.92,-8.59
N/A,N/A
39.78,-100.45
N/A,N/A
42.98,-81.25
9.41,-84.16
52.56,1.26
12.11,-68.94
42.12,-88.26
N/A,N/A
51.45,-2.6
50.84,-0.78
32.7,-97.11
41.66,-72.64
35.67,-79.04
49.2,-123.19
N/A,N/A
N/A,N/A
-26.21,28.05
N/A,N/A
42.36,-71.06
42.63,-73.86
50.68,-120.34
45.72,-65.51
45.42,-75.69
N/A,N/A
9.41,-84.16
N/A,N/A
N/A,N/A
35.96,-83.92
36.14,-81.68
N/A,N/A
50.64,4.67
39.78,-100.45
39.91,-100.79
46.37,-82.65
36.65,-92.46
51.51,-0.13
38.89,-77.04
45.5,-73.57
N/A,N/A
N/A,N/A
40.71,-74.01
40.75,-73.91
38.91,-94.38
47.61,-122.85
N/A,N/A
51.21,0.72
-22.91,-43.21
N/A,N/A
N/A,N/A
47.6,-122.33
49.26,-123.11
53.75,-3
29.76,-95.37
35.47,-97.52
38.65,-90.24
10.3,-85.84
40.86,-73.2
35.96,-83.92
41.39,2.13
9.19,-83.77
46.1,-60.75
42.39,-71.1
37.61,-82.32
37.78,-122.42
51.68,-2.35
47.37,8.54
38.75,-121.29
52.53,-1.26
N/A,N/A
32.82,35
N/A,N/A
33.45,-112.07
50.84,4.27
36.05,-94.14
35.2,-85.92
33.2,-117.24
43.59,-79.64
52.2,0.12
39.09,-120.05
54.6,-5.93
43.65,-79.38
40.84,-111.92
40.71,-74.01
10.32,-84.82
N/A,N/A
N/A,N/A
10.46,-84.47
52.77,-1.21
N/A,N/A
40.43,-3.81
N/A,N/A
33.01,-96.69
52.81,-2.12
51.78,-1.49
N/A,N/A
47.67,-122.12
39.76,-77.58
N/A,N/A
43.65,-79.38
39.71,-82.6
41.22,-111.97
N/A,N/A
54.5,18.46
54.18,-2.71
48.75,-122.48
50.45,-104.62
50.37,-4.14
51.17,-0.02
49.32,-123.07
44.05,-123.1
N/A,N/A
33.45,-112.07
55.69,12.57
35.19,-79.48
N/A,N/A
33,35.27
45.46,-73.47
53.96,-2.01
43.03,-87.92
9.93,-84.08
28.29,-81.41
57.15,-2.09
N/A,N/A
N/A,N/A
51.51,-0.13
52.37,4.89
45.01,-72.1
N/A,N/A
37.12,-78.49
41.67,-88
N/A,N/A
43.03,-87.92
48.95,-57.95
43.05,-88.01
N/A,N/A
-12.06,-77.04
37.88,-122.24
-34.61,-58.44
N/A,N/A
9.93,-84.08
25.77,-80.19
38.75,-121.29
42.36,-71.06
41.51,-82.94
N/A,N/A
26.14,-80.14
N/A,N/A
32.78,-96.8
45.5,-73.57
N/A,N/A
34.54,-112.47
N/A,N/A
5.34,-72.4
55.75,37.62
29.76,-95.37
24.83,-104.83
9.93,-84.08
N/A,N/A
42.36,-71.06
36.51,-4.89
30.33,-81.66
45.8,-108.48
10.27,-84.07
N/A,N/A
40.44,-79.99
40.71,-74.01
51.51,-0.13
52.27,-113.82
51.7,-0.03
42.45,-83.66
44.94,26.02
53.15,-1.02
40.54,-74.39
N/A,N/A
47.6,-122.33
38.98,-77.12
N/A,N/A
N/A,N/A
9.41,-84.16
51.02,-3.09
51.83,-2.17
43.65,-79.38
N/A,N/A
48.21,14.46
34.05,-118.24
47.6,-122.33
N/A,N/A
49.26,-123.11
27.95,-82.46
33.37,-112.58
38.88,-77.09
52.01,4.71
29.76,-95.37
20.69,-156.44
29.76,-95.37
61.07,-107.99
N/A,N/A
26.72,-80.05
N/A,N/A
51.51,-0.13
41.88,-87.62
38.89,-77.04
42.81,-70.88
-19.92,-43.95
47.6,-122.33
25.77,-80.19
N/A,N/A
40.08,-74.4
51.05,-114.07
-37.81,144.96
42.75,-83.54
9.41,-84.16
41.22,-111.97
10.09,-84.3
N/A,N/A
36.7,-118.76
42.27,-83.73
35.16,-120.67
39.28,-74.57
48.33,-118.23
45.5,-73.57
N/A,N/A
N/A,N/A
41.88,-87.62
8.56,-81.13
52.37,4.89
N/A,N/A
40.08,-74.4
51.92,4.48
10.34,-84.42
N/A,N/A
-11.35,-66.94
N/A,N/A
26.64,-81.87
17.09,-61.79
28.54,-81.38
41.88,-87.62
31.43,-86.96
28.11,-80.64
-34.61,-58.44
42.9,-77.52
9.93,-84.08
30.33,-81.66
N/A,N/A
43.65,-79.38
N/A,N/A
40.71,-74.01
30.27,-97.74
49.19,16.61
N/A,N/A
9.93,-84.08
40.71,-74.01
19.59,-155.45
32.72,-117.16
39.95,-75.16
N/A,N/A
10.27,-84.07
54.7,-3.28
58.85,5.74
9.41,-84.06
30.6,-96.31
40.42,-3.7
25.77,-80.19
40.71,-74.01
42.94,-88.05
N/A,N/A
42.59,-85.89
48.86,2.35
N/A,N/A
N/A,N/A
N/A,N/A
34.05,-118.24
26.12,-80.14
10.45,-85.77
48.86,2.35
43.21,-71.54
41.88,-87.62
53.22,6.57
-45.87,170.5
42.26,-88.14
34.07,-118.4
39.8,-105.08
45.52,-122.67
51.46,-0.97
N/A,N/A
N/A,N/A
32.78,-96.8
32.95,-96.89
42.36,-71.06
N/A,N/A
N/A,N/A
39.78,-75.88
39.78,-100.45
-43.53,172.64
50.95,-1.87
14.62,-90.52
39.1,-77.24
40.65,-73.95
34.04,-118.69
30.27,-97.74
30.33,-81.66
42.36,-71.06
N/A,N/A
-37.81,144.96
33.85,-84.22
30.04,31.56
27.95,-82.46
N/A,N/A
38.81,-77.05
42.38,-72.03
33.15,-96.82
52.37,4.89
32.78,-96.8
38.71,-9.14
28.23,-82.18
50.82,-0.14
31.58,-90.44
30.19,-82.64
9.93,-84.08
39.87,-74.17
40.44,-79.99
40.65,-73.95
51.51,-0.13
38.75,-121.29
35.23,-80.84
28.09,-82.76
N/A,N/A
32.72,-117.16
34.05,-118.24
33.01,-96.69
40.44,-79.99
9.93,-84.08
25.77,-80.19
39.6,-74.33
38.58,-121.49
40.86,-73.2
55.17,-118.79
33.69,-116.15
33.66,-117.9
10.56,-85.69
60.5,9.1
34,-81.03
34.05,-118.24
37.78,-122.42
N/A,N/A
25.77,-80.19
33.78,-84.44
47.65,-122.55
41.41,-75.66
37.78,-122.42
33.49,-111.93
32.39,-110.97
34.05,-118.24
26.3,-80.18
N/A,N/A
33.97,-118.03
39.95,-75.16
39.96,-83
51.51,-0.13
N/A,N/A
32.33,-83.11
30.44,-84.28
17.12,-61.84
32.75,-97.33
34.45,-119.08
22.23,-97.86
34.83,-116.08
27.29,-80.35
29.56,-95.29
40.73,-73.63
47.5,-111.29
39.1,-84.51
26.14,-81.79
34.12,-117.6
35.69,-105.94
38.4,-122.82
41.25,-87.83
33.78,-84.44
N/A,N/A
33.52,-86.8
40.74,-74.03
32.78,-96.8
39.95,-75.16
10.62,-84.43
47.32,8.55
38.89,-77.04
N/A,N/A
46.2,6.15
32.72,-117.16
45.01,-93.47
20.8,-156.31
40.89,-74.01
51.74,0.05
39.78,-100.45
N/A,N/A
40.71,-74.01
N/A,N/A
N/A,N/A
10.27,-84.07
25.77,-80.19
40.98,-111.89
37.13,-121.65
N/A,N/A
31.82,-101.05
N/A,N/A
38.98,-76.49
55.75,37.62
N/A,N/A
35.78,-78.64
N/A,N/A
27.69,-82.72
44.98,-93.27
40.71,-74.01
27.1,-82.45
27.34,-82.53
N/A,N/A
5.34,-72.4
46.84,7.6
33.49,-112.36
30.27,-97.74
28.8,-96.98
47.37,8.54
43.3,5.37
33.77,-118.19
32.72,-117.16
30.29,-81.39
51.51,-0.13
41.18,-73.79
38.44,-122.71
40.42,-3.7
32.78,-96.8
N/A,N/A
N/A,N/A
51.35,-2.25
10.38,-84.01
45.52,-122.67
5.34,-72.4
43.06,-83.85
56.04,12.7
43.16,-77.62
33.45,-112.07
42.36,-71.06
39.96,-83
39.33,-110.96
30.49,-90.96
N/A,N/A
26.06,-80.23
51.51,-0.13
28.03,-82.67
42.78,-83.24
52.41,-1.78
N/A,N/A
38.79,-121.24
52.58,-1.98
N/A,N/A
41.71,-72.61
42.58,-83.25
-36.94,174.66
46.8,8.23
37.61,-122.49
27.2,-80.25
35.38,-77.99
36.7,-118.76
N/A,N/A
N/A,N/A
N/A,N/A
N/A,N/A
44.51,-88.01
41.11,-74.25
30.27,-97.74
39.45,-123.81
N/A,N/A
26.12,-80.14
50.73,-1.77
34.85,-82.4
N/A,N/A
44.98,-93.27
19.97,-155.22
42.94,-88
N/A,N/A
40.84,-74.28
56.71,-2.47
N/A,N/A
18.06,-63.05
32.79,-79.94
45.42,-75.69
51.51,-0.13
42.36,-71.06
46.27,9
19.29,-99.66
44.16,-77.39
51.51,-0.13
29.42,-98.5
19.43,-99.13
27.76,-81.46
N/A,N/A
N/A,N/A
41.51,-81.69
48.14,11.58
54.32,-2.76
N/A,N/A
40.71,-74.01
N/A,N/A
42.41,-82.19
47.37,8.88
28.55,-81.77
N/A,N/A
38.89,-77.04
41.88,-87.62
N/A,N/A
25.77,-80.19
N/A,N/A
42.06,-72.5
41.88,-87.62
52.53,-1.26
N/A,N/A
N/A,N/A
44.32,-79.55
44.43,-78.14
36.59,-82.19
51.51,-0.13
N/A,N/A
51.51,-0.13
-13.52,-71.98
26.01,-80.15
37.82,-122
N/A,N/A
47.48,19.15
N/A,N/A
45,-74.99
52.48,-1.9
10.46,-84.47
34.05,-118.24
53.74,-0.34
N/A,N/A
45.5,-73.57
43.65,-79.38
40.07,-74.13
53.41,-6.29
45.5,-73.57
N/A,N/A
27.77,-82.67
41.76,-88.05
51.51,-0.13
39.85,-75.71
35.58,-78.8
50.74,-1.86
32.5,-116.96
38.44,-122.71
53.01,-112.84
N/A,N/A
51.53,4.46
49.9,-97.14
42.85,-106.33
28.02,-82.77
42.43,-83.48
53.38,-0.34
47.31,-122.34
42.36,-71.06
38.83,-104.83
40.1,-83.11
35.65,-78.46
42.36,-71.06
45.5,-73.57
38.95,-76.94
42.81,-70.88
44.53,-72.95
38.89,-77.04
29.76,-95.37
N/A,N/A
43.06,-88.4
42.5,-71.58
N/A,N/A
43.65,-79.38
9.93,-84.08
N/A,N/A
9.93,-84.08
40.9,-75.32
51.05,-114.07
N/A,N/A
39.95,-75.16
44.97,-75.68
34.15,-118.14
N/A,N/A
39.93,-75.3
N/A,N/A
N/A,N/A
39.77,-86.16
41.88,-87.62
N/A,N/A
N/A,N/A
45.28,-66.06
40.71,-74.01
37.57,-85.16
43.65,-79.38
41.5,-81.62
42.14,-87.93
N/A,N/A
32.72,-117.16
45.42,-75.69
40.65,-73.95
45.42,-75.69
40.71,-74.01
40.08,-74.4
13.53,2.11
42.81,-86.03
58.1,7.79
37.78,-122.42
49.2,-123.19
-12.46,130.84
57.71,11.97
53.53,-113.3
44.21,-73.25
9.86,-83.92
40.65,-73.95
40.64,-74.91
40.29,-75.98
34.27,-118.75
40.04,-111.73
40.71,-74.01
35.78,-78.64
43.7,-72.29
43.65,-79.38
N/A,N/A
50.45,-104.62
40.71,-74.55
40.44,-79.99
37.89,-122.12
32.33,-83.11
52.08,5.13
N/A,N/A
51.05,-114.07
N/A,N/A
45.52,-122.67
39.73,-121.84
29.64,-95.42
42.95,-71.52
49.86,-119.58
41.39,-70.62
34.05,-118.24
40.81,-105.58
48.15,17.11
38.25,-85.76
54.69,25.28
N/A,N/A
43.98,-120.74
49.89,-119.5
41.88,-87.62
23.23,-106.42
N/A,N/A
N/A,N/A
47.61,-122.19
51.51,-0.13
31.82,-99.51
38.89,-77.04
N/A,N/A
10.09,-84.3
39.37,-104.86
33.35,-97.69
35.23,-80.84
34.62,-79.01
47.04,-122.28
43.08,-79.06
52.58,-2.13
39.91,-100.79
N/A,N/A
51.51,-0.13
10.42,-75.53
46.01,8.95
N/A,N/A
46.8,8.23
47.76,18.74
32.72,-117.16
61.22,-149.89
43.88,-91.23
41.89,-87.79
41.88,-87.62
51.95,-0.53
40.58,-75.34
41.88,-87.62
54.59,-6.96
35.73,-78.85
41.85,-73.55
51.28,-0.83
N/A,N/A
39.95,-75.16
N/A,N/A
59.33,18.07
34.15,-118.77
47.37,8.54
41.88,-87.62
43.59,-79.64
9.93,-84.08
40.8,-124.16
26.2,-98.23
43.65,-79.38
41.88,-87.62
N/A,N/A
44.26,-88.41
30.27,-97.74
45.52,-122.67
N/A,N/A
32.72,-117.16
52.16,-1.52
37.98,23.73
43.45,-79.67
53.35,-6.26
49.26,-123.11
37.78,-122.42
N/A,N/A
38.89,-77.04
47.75,-122.16
40.65,-111.5
42.89,-78.88
47.37,8.54
45.5,-73.57
N/A,N/A
37.1,-113.58
41.14,-73.36
29.89,-81.31
N/A,N/A
51.29,-114.01
27.95,-82.46
49.89,-119.5
10.01,-84.01
-33.96,25.62
30.27,-97.74
10.38,-84.01
43.65,-79.38
48.86,2.35
49.26,-123.11
39.95,-75.16
61.5,23.76
38.98,-77.12
30.08,-95.42
47.6,-122.33
26.36,-80.08
51.13,16.98
-33.85,151.22
32.78,-96.8
45.63,-122.67
N/A,N/A
51.28,1.08
N/A,N/A
10.17,-85.81
37.72,-121.43
N/A,N/A
28.55,-81.77
N/A,N/A
40.17,-105.1
55.69,12.57
N/A,N/A
38.89,-77.04
30.11,78.29
45.99,-94.26
43.19,-89.46
N/A,N/A
33.69,-117.83
41.55,-72.65
54.7,-3.28
43.65,-79.38
52.81,-2.12
43.65,-79.38
51.87,0.16
50.02,-125.24
52.2,0.12
39.96,-83
25.77,-80.19
32.27,-102.6
32.22,-110.97
43.26,-79.87
42.36,-71.06
36.17,-115.15
27.64,-80.4
51.05,-114.07
N/A,N/A
56.45,9.41
N/A,N/A
52.26,10.52
30.27,-97.74
5.34,-72.4
44.28,-73.98
43.26,-79.87
41.88,-87.62
N/A,N/A
51.51,-0.13
N/A,N/A
31.82,-99.51
31.82,-99.51
50.45,30.53
19.28,-69.57
N/A,N/A
49.2,-123.19
39.4,-75.04
48.43,-123.36
27.95,-82.46
51.48,-3.18
45.52,-122.67
40.71,-74.01
34.05,-118.24
35.15,-90.05
51.51,-0.13
9.41,-84.16
-27.47,153.02
5.34,-72.4
61.07,-107.99
36.06,120.38
41.89,12.48
9.62,-84.6
61.22,-149.89
51.61,0.03
27.34,-82.53
8.97,-79.53
43.86,-81.25
52.54,-2.81
34.75,-92.29
N/A,N/A
9.92,-84.14
44.06,-121.32
-21.9,-46.91
38.3,-122.29
N/A,N/A
N/A,N/A
33.66,-117.59
48.86,2.35
14.62,-90.52
N/A,N/A
32.93,-97.08
33.42,-111.83
N/A,N/A
34.2,-79.77
9.87,-85.51
19.43,-99.13
-33.85,151.22
N/A,N/A
27.8,-82.8
19.43,-99.13
35.16,-84.88
30.24,-81.39
59.91,10.74
51.38,-2.36
9.92,-84.14
10.38,-84.01
37.32,-122.03
9.85,-84.31
N/A,N/A
39.53,-119.81
N/A,N/A
N/A,N/A
N/A,N/A
34.17,-84.8
38.79,-90.6
49.6,-119.67
35.34,25.13
N/A,N/A
-33.93,18.42
35.97,-83.19
32.78,-96.8
34.05,-118.24
N/A,N/A
26.12,-80.14
N/A,N/A
46.49,9.9
N/A,N/A
36.85,-75.98
39.95,-75.16
42.91,-78.92
N/A,N/A
N/A,N/A
40.71,-74.01
N/A,N/A
N/A,N/A
53.8,-1.54
N/A,N/A
51.35,-0.72
10.56,-85.69
43.03,-87.92
48.86,2.35
39.14,-77.18
19.43,-99.13
25.77,-80.19
43.45,-80.49
33.77,-118.19
41.35,-72.08
51.06,-1.31
40.71,-74.01
40.71,-74.01
N/A,N/A
38.73,-77.52
52.03,-1.15
33.78,-84.44
N/A,N/A
N/A,N/A
38.89,-77.04
24.83,-104.83
52.54,-1.37
41.65,-83.54
37.94,-107.81
30.6,-96.31
9.86,-83.92
28.6,-81.35
N/A,N/A
19.43,-99.13
33.69,-117.83
40.49,-98.95
8.54,-83.31
29.76,-95.37
40.96,-73
40.86,-74.16
N/A,N/A
N/A,N/A
33.56,-101.88
32.72,-117.16
42.1,-72.59
9.41,-84.16
27.95,-82.46
43.65,-79.38
12.18,-68.96
N/A,N/A
51.98,4.25
35.23,-80.84
45.52,-122.67
9.41,-84.16
33.56,-101.88
N/A,N/A
40.35,-74.66
25.77,-80.19
39.1,-94.58
32.78,-96.8
N/A,N/A
33.87,-117.93
31.78,-106.46
39.92,-75.07
N/A,N/A
28.76,-81.34
N/A,N/A
44.65,-100.35
35.75,-81.69
41.24,-73.69
38.3,-76.51
54.7,-3.28
51.51,-0.09
N/A,N/A
N/A,N/A
26.34,-81.78
34.1,-117.58
26.12,-80.14
N/A,N/A
N/A,N/A
20.69,-156.44
N/A,N/A
39.52,-116.85
36.7,-118.76
40.75,-73.8
51.91,10.43
40.8,-73.65
29.76,-95.37
40.52,-75.56
37.78,-122.42
40.54,-80.18
N/A,N/A
40.7,-73.68
38.89,-77.04
25.77,-80.19
35.96,-83.92
N/A,N/A
4.1,-72.91
43.62,-116.2
40.85,-74.2
9.92,-84.14
37.67,-122.08
N/A,N/A
40.93,-73.9
N/A,N/A
N/A,N/A
35.05,-78.88
24.71,-81.09
35.92,14.49
40.26,-80.19
N/A,N/A
51.45,-0.99
14.75,-91.15
42.36,-71.06
28.61,77.21
35.93,-86.29
N/A,N/A
39.23,-84.35
18.85,-89.13
N/A,N/A
40.95,-73.07
26.07,-97.48
35.23,-80.84
34.05,-118.24
37.78,-122.42
51.51,-0.13
49.32,-117.66
9.93,-84.08
9.93,-84.08
-35.71,150.18
37.34,-121.89
32.82,35
42.73,-84.56
36.22,-121.39
29.63,-81.98
40.84,-74.09
39.61,2.88
N/A,N/A
41.88,-87.62
35.67,-79.04
N/A,N/A
27.95,-82.46
35.08,-106.65
25.77,-80.19
37.78,-122.42
37.67,-122.08
37.69,-97.34
35.6,-82.55
38.48,-75.82
N/A,N/A
53.35,-6.26
53.54,-113.51
43.06,-86.23
37.78,-122.42
35.55,-120.71
61.22,-149.89
29.76,-95.37
38.89,-77.35
51.65,0.07
32.51,-96.81
29.7,-98.13
29.76,-95.37
33.38,-84.8
51.49,-0.14
53.24,-1.43
35.08,-106.65
N/A,N/A
47.66,-117.42
42.38,-72.03
34.05,-118.24
50.21,19.01
27.17,-80.28
-34.61,-58.44
10.09,-84.3
37.78,-122.42
N/A,N/A
49.55,1.08
42.77,-78.62
27.1,-82.45
51.62,0.3
20.28,-103.22
N/A,N/A
28.04,-81.95
33.82,-111.92
40.61,-111.9
42.36,-71.06
34.85,-82.4
37.25,-121.8
N/A,N/A
35.96,-83.92
9.93,-84.08
45.42,-75.69
21.96,-159.67
49.26,-123.11
41.88,-87.62
9.93,-84.08
41.38,2.18
16.22,-95.19
40.01,-75.26
30.51,-97.68
-34.61,-58.44
49.49,-119.59
28.54,-81.38
N/A,N/A
-33.85,151.22
48.41,-89.26
10.42,-75.53
40.8,-74.48
49.65,-124.37
N/A,N/A
N/A,N/A
9.93,-84.08
9.86,-83.92
38.51,-90.44
33.2,-117.38
33.77,-118.19
55.69,12.57
N/A,N/A
41.88,-87.62
37.88,-122.24
41.65,-72.73
43.42,-84.23
27.34,-82.53
37.12,-78.49
39.1,-94.58
N/A,N/A
-28.55,153.5
-28.55,153.5
42.32,-79.58
39.96,-83
9.52,-84.45
38.89,-77.04
N/A,N/A
27.77,-82.67
47.67,-116.78
47.6,-122.33
52.23,-7.11
52.23,-7.11
49.19,-122.85
33.78,-84.44
41.88,-87.62
38.88,-77.09
N/A,N/A
43.81,4.64
31.43,-86.96
43.03,-87.92
38.44,-122.71
38.44,-122.71
N/A,N/A
9.93,-84.08
42.5,-70.86
39.58,-104.88
32.09,34.78
25.77,-80.19
55.95,-3.19
52.08,4.31
44.26,-88.41
50,-86
40.74,-74.03
39.95,-75.16
50.9,-1.4
42.36,-71.06
27.76,-81.46
42.47,-70.95
42.47,-70.95
38.58,-121.49
35.17,33.36
52.29,-3.74
34.74,-112.01
41.88,-87.62
N/A,N/A
N/A,N/A
27.34,-82.53
25.27,55.29
N/A,N/A
39.52,-76.62
N/A,N/A
6.03,80.21
39.14,-77.19
39.92,-105.07
N/A,N/A
43.07,-89.38
51.51,-0.13
32.04,34.75
37.44,-122.16
46.31,-79.46
N/A,N/A
51.51,-0.13
33.84,-118.34
40.55,-105.07
38.86,-77.19
9.19,-83.77
39.91,-100.79
30.67,-87.93
18.23,-66.4
51.51,-0.13
N/A,N/A
N/A,N/A
44.94,-123.03
33.69,-117.83
33.75,-117.87
33.75,-117.87
51.51,-0.13
52.28,-1.58
51.51,-0.13
42.66,-83.15
33.69,-117.83
19.43,-99.13
43.65,-79.38
41.06,-124.14
35.23,-80.84
37.8,-122.27
42.49,-83.14
N/A,N/A
N/A,N/A
37.41,-79.14
45.42,-75.69
45.42,-75.69
19.43,-99.13
35.91,-79.06
N/A,N/A
39.77,-86.16
34.05,-118.24
41.88,-87.62
33.95,-117.4
N/A,N/A
42.58,-71.44
49.89,-119.5
37.41,-79.14
29.76,-95.37
N/A,N/A
42.08,-88.01
22.5,-100
N/A,N/A
20.8,-156.31
36.7,-118.76
33.78,-84.44
37.78,-122.42
33.78,-84.44
47.05,-122.9
47.05,-122.9
49.34,-123.26
27.95,-82.46
N/A,N/A
N/A,N/A
1.36,103.82
29.7,-98.13
43.06,-86.23
45.52,-122.67
-38.06,145.12
41.88,-87.62
29.76,-95.37
33.78,-84.44
27.34,-82.53
N/A,N/A
45.01,-93.47
N/A,N/A
37.89,-122.3
51.51,-0.13
33.78,-84.44
33.62,-117.93
45.1,-93.34
32.72,-117.16
41.88,-87.62
42.08,-88.01
41.77,-88.15
50.45,-104.62
31.19,29.94
31.19,29.94
52.24,1.05
N/A,N/A
43.65,-79.38
N/A,N/A
N/A,N/A
51.92,4.48
38.89,-77.04
N/A,N/A
52.34,-0.18
52.34,-0.18
38.95,-92.33
40.71,-74.01
N/A,N/A
43.45,-80.49
40.71,-74.01
40.71,-74.01
45.44,12.33
N/A,N/A
N/A,N/A
41.88,-87.62
51.05,-114.07
53.54,-113.51
29.42,-98.5
51.51,-0.13
51.82,-0.81
34.05,-118.24
40.32,-75.33
48.11,-1.68
38.98,-76.49
42.33,-83.05
44.3,-78.32
43.19,-89.46
43.19,-89.46
39.01,-77.02
47.6,-122.33
5.34,-72.4
N/A,N/A
30.27,-97.74
35.78,-78.64
43.62,-116.2
38.65,-90.24
41.44,-81.39
53.76,-2.7
53.76,-2.7
48.78,-123.71
50.82,-0.14
50.82,-0.14
49.24,-122.97
39.77,-86.16
52.13,-106.66
40.79,-77.86
40.79,-77.86
49.26,-123.11
41.88,-87.62
35.05,-85.31
40.74,-74.03
40.74,-74.03
55.69,12.57
55.69,12.57
N/A,N/A
61.07,-107.99
39.78,-100.45
N/A,N/A
28.54,-81.38
43.45,-80.49
37.8,-122.27
27.34,-82.53
42.96,-85.67
35.66,-97.46
44.23,-76.48
N/A,N/A
56.25,-120.85
43.66,-90.85
51.9,-8.47
29.76,-95.37
18.34,-88.5
26.14,-81.79
55.53,-106.14
N/A,N/A
N/A,N/A
14.11,-87.2
49.26,-123.11
39.96,-83
39.16,-76.55
30.1,-95.62
-31.95,115.86
45.99,-94.61
27.95,-82.46
48.41,-89.26
34.02,-118.49
38.86,-76.89
43.08,13.49
51.51,-0.13
51.49,-0.14
41.35,-81.53
49.75,13.38
41.18,-73.79
41.18,-73.79
N/A,N/A
N/A,N/A
N/A,N/A
28.54,-81.38
51.24,-0.17
61.22,-149.89
49.9,-97.14
49.9,-97.14
33.21,-111.69
9.74,-82.84
34.42,-119.7
56.17,9.55
N/A,N/A
26.46,-80.07
35.13,-106.7
39.29,-76.61
35.13,-106.7
40.72,-74.05
54.72,-1.5
24.4,54.54
24.4,54.54
40.71,-74.01
38.77,-75.14
43.03,-87.92
41.59,-93.6
44.68,-63.57
N/A,N/A
N/A,N/A
38.98,-77.01
N/A,N/A
51.82,-0.81
45.42,-75.69
45.42,-75.69
45.4,-92.99
35.23,-80.84
38.89,-77.04
32.72,-117.16
36.7,-118.76
55,-125
45.42,-75.69
43.65,-79.38
45.69,-62.74
41.52,-81.34
51.24,-0.21
5.34,-72.4
-27.47,153.02
N/A,N/A
N/A,N/A
37.78,-122.42
49.26,-123.11
N/A,N/A
29.42,-98.5
43.65,-79.38
41.16,-73.88
52.14,-0.47
32.09,34.78
45.28,-66.06
45.28,-66.06
30.27,-97.74
50.74,-1.86
28.54,-81.38
43.6,-86.34
45.42,-75.69
30.27,-97.74
N/A,N/A
N/A,N/A
N/A,N/A
25.99,-80.23
51.51,-0.13
43.65,-79.38
45.5,-73.57
45.5,-73.57
36.85,-75.98
51.66,-0.4
29.76,-95.37
38.89,-77.35
51.92,4.48
34.22,-78.03
42.81,-70.88
43.24,-77.45
43.24,-77.45
42.88,-71.95
42.88,-71.95
49.89,-119.5
35.08,-106.65
43.65,-79.38
51.51,-0.13
35.79,-78.78
5.34,-72.4
40.7,19.95
40.7,19.95
51.08,10.42
N/A,N/A
54.97,-1.61
33.52,-117.71
33.52,-117.71
40.27,-76.89
35.94,-80.41
31.85,-81.6
38,-122.3
47.6,-122.33
47.6,-122.33
51.05,-114.07
51.77,-0.29
38.98,-77.12
N/A,N/A
N/A,N/A
34.23,-77.94
40.12,44.73
50,-86
49.84,-124.52
43.65,-79.38
43.17,-79.48
43.65,-79.38
51.05,-114.07
38.89,-77.04
40.23,-82.69
34.42,-119.7
50.73,-3.53
50.94,-2.63
51.51,-0.13
34.22,-78.03
-36.6,144.68
38.89,-77.04
32.7,-97.11
32.7,-97.11
41.89,-87.77
40.71,-74.01
40.71,-74.01
N/A,N/A
42.81,-70.88
N/A,N/A
N/A,N/A
41.32,-92.19
43.16,-77.62
N/A,N/A
36.17,-115.15
45.2,-63.17
33.45,-112.07
50.95,-2.52
49.69,-112.85
28.57,-81.59
41.98,-91.67
34.37,-89.52
34.37,-89.52
52.13,-106.66
N/A,N/A
38.97,-95.24
40.74,-74.17
51.73,0.47
34.07,-84.27
41.88,-87.62
54.7,-3.28
N/A,N/A
40.23,-82.69
61.07,-107.99
37.38,-122.12
32.72,-117.16
40.79,-111.98
39.66,-106.08
34,-81.03
43.65,-79.38
50.74,-1.95
49.9,-97.14
49.9,-97.14
37.27,-76.71
N/A,N/A
N/A,N/A
N/A,N/A
41.15,-73.49
45.25,1.33
39.53,-119.81
38.73,-105.61
40.65,-73.95
43.5,-70.44
41.88,-87.62
41.88,-87.62
42.36,-71.06
13.75,100.49
52.6,-1.92
N/A,N/A
39.95,-75.16
42.32,-83.04
42.98,-81.25
44.49,11.34
45.52,-122.67
33.78,-84.44
N/A,N/A
N/A,N/A
33.44,-112.36
44.98,-93.27
52.4,-0.73
52.4,-0.73
47.62,-100.54
34.42,-84.12
38.89,-77.04
37.55,-121.99
53.53,-113.3
N/A,N/A
N/A,N/A
34.1,-117.58
N/A,N/A
51.27,-0.34
38.89,-77.35
40.76,-111.89
40.76,-111.89
46.8,8.23
46.8,8.23
40.13,-82.93
53.72,-1.86
33.49,-111.93
49.1,-97.56
32.09,34.78
51.67,-0.62
21.39,-157.73
51.47,-0.28
41.88,-87.62
37.78,-122.42
N/A,N/A
N/A,N/A
N/A,N/A
45.61,-62.63
N/A,N/A
9.41,-84.16
51.75,-0.98
51.48,-0.6
55.95,-3.19
44.05,-77.58
52.37,4.89
29.55,-81.22
50.82,-0.14
52.07,-0.12
N/A,N/A
43.65,-79.38
32.09,34.78
49.89,-119.5
52.23,21.07
N/A,N/A
33.49,-111.93
47.6,-122.33
41.88,-87.62
37.95,-83.63
N/A,N/A
N/A,N/A
50.37,-4.14
N/A,N/A
N/A,N/A
37.93,-121.7
N/A,N/A
51.51,-0.13
49.26,-123.11
44.65,-63.59
50.9,-1.4
50.9,-1.4
51.37,-0.8
52.25,6.8
40.71,-74.01
29.67,-95.02
29.67,-95.02
49.05,-122.33
43.62,-116.2
43.03,-79.29
40.08,-74.4
51.26,-1.09
45.52,-122.67
38.05,-84.5
43.65,-79.38
43.65,-79.38
N/A,N/A
51.84,5.84
35.73,-81.34
51.51,-0.13
N/A,N/A
43.92,-80.1
N/A,N/A
39.95,-75.16
45.5,-73.57
38.36,-121.99
55.69,12.57
43.03,-87.92
42.98,-81.25
45.5,-73.57
51.51,-0.13
49.05,-122.33
43.65,-79.38
52.37,4.89
44.39,-79.69
10,-84.15
44.65,-63.59
N/A,N/A
25.79,-80.14
N/A,N/A
48.41,-89.26
51.51,-0.13
51.05,-114.07
20.67,-103.34
20.67,-103.34
44.98,-93.27
51.51,-0.13
51.51,-0.13
30.44,-97.62
30.44,-97.62
54.7,-3.28
54.7,-3.28
51.23,6.78
-34.42,139.78
-34.42,139.78
40.55,-105.07
N/A,N/A
N/A,N/A
51.51,-0.13
29.95,-90.07
41.15,-73.94
N/A,N/A
N/A,N/A
40.57,-111.84
38.06,-78.49
43.61,-116.39
40.57,-111.84
40.65,-73.95
27.95,-82.46
34.42,-119.7
49.08,-123.06
45.42,-75.69
39.1,-94.58
51.05,-114.07
51.05,-114.07
40.71,-74.01
42.04,-70.67
51.48,-0.6
51.48,-0.6
33.49,-111.93
48.75,-122.48
34.05,-118.24
40.11,-111.65
39.53,-76.42
N/A,N/A
29.63,-82.36
44.8,-79.71
42.68,-71.11
35.13,33.92
51.51,-0.13
51.51,-0.13
51.1,0.53
52.52,13.39
64.08,10.94
43.45,-79.67
38.06,-78.49
50.73,-3.53
26.27,-80.27
49.08,-123.06
40.71,-74.01
N/A,N/A
45.63,-122.67
41.01,-73.81
43.16,-79.24
42.29,-85.59
44.83,-87.38
44.83,-87.38
N/A,N/A
53.02,-2.43
34.05,-118.24
44.43,-89.69
43.45,-80.49
43.45,-80.49
38,-121.81
43.12,131.9
32.22,-110.97
43.55,-80.25
43.16,-77.62
51.05,-114.07
51.05,-114.07
33.45,-112.07
38.48,-80.84
32.72,-117.16
39.55,-104.97
26.12,-80.14
41.09,-74.14
40.71,-74.01
40.71,-74.01
33.77,-118.19
33.77,-118.19
40.65,-73.95
47.91,-97.06
47.91,-97.06
33.81,-84.24
40.33,-79.62
45.5,-73.57
40.33,-79.62
53.96,-1.08
41.88,-87.62
41.88,-87.62
43.45,-80.49
42.73,-84.56
41.76,-72.74
N/A,N/A
43.65,-79.38
45.5,-73.57
30.45,-91.19
N/A,N/A
43.65,-79.38
50.9,-1.4
47.6,-122.33
N/A,N/A
N/A,N/A
20.64,-105.22
N/A,N/A
N/A,N/A
10.63,-83.95
N/A,N/A
N/A,N/A
N/A,N/A
16.99,-89.69
32.09,34.78
54.97,-1.61
54.97,-1.61
42.91,-78.92
49.16,-123.14
40.65,-73.95
N/A,N/A
32.78,-96.8
33.86,-84.68
33.86,-84.68
40.16,-83.08
50.91,-0.97
37.16,-120.77
32.72,-117.16
N/A,N/A
N/A,N/A
51.9,-2.07
42.32,-83.04
42.32,-83.04
49.23,-122.35
38.62,-105.52
N/A,N/A
44.98,-93.27
35.48,-80.86
22.5,-100
51.51,-0.13
49.19,-122.85
42.87,-71.37
45.5,-73.57
N/A,N/A
51.05,-114.07
N/A,N/A
30.3,-95.51
39.15,-123.21
44.95,-93.09
40.73,-74.27
40.73,-74.27
39.33,-82.1
40.71,-74.01
61.07,-107.99
9.93,-84.08
47.76,-122.24
30.33,-81.4
34.05,-118.24
38.97,-95.24
19.08,72.88
39.74,-104.98
51.51,-0.13
44.02,-92.46
41.32,-81.35
38.89,-77.04
35.05,-85.31
50.72,-3.66
33.99,-117.76
N/A,N/A
N/A,N/A
25.04,121.56
34.05,-118.24
N/A,N/A
N/A,N/A
41.88,-87.62
52.5,5.75
52.5,5.75
N/A,N/A
-41.29,174.78
47.73,-94.55
33.95,-84.55
40.02,-75.3
40.3,-73.99
39.95,-75.16
43.65,-79.38
43.7,-72.29
N/A,N/A
N/A,N/A
N/A,N/A
43.65,-79.38
N/A,N/A
40.03,-75.63
37.38,-122.12
45.48,-75.68
38.85,-77.31
61.07,-107.99
61.07,-107.99
37.78,-122.42
30.49,-87.7
N/A,N/A
N/A,N/A
42.5,-96.41
-33.44,-70.65
42.5,-90.66
14.62,-90.52
40.79,-77.86
N/A,N/A
10.38,-84.01
41.38,2.18
38.25,-85.76
N/A,N/A
32.72,-117.16
39.1,-84.51
40.8,-74.48
40.65,-73.95
34.05,-118.24
51.51,-0.13
N/A,N/A
45.99,-94.61
51.51,-0.13
32.82,35
32.82,35
43.36,-80.31
40.72,-74.05
N/A,N/A
49.2,-123.19
9.93,-84.08
N/A,N/A
N/A,N/A
N/A,N/A
33.94,-84.21
51.34,3.3
36.17,-115.15
42.36,-71.06
51.51,-0.13
N/A,N/A
41.07,-73.54
N/A,N/A
39.53,-119.81
60.72,-135.05
60.72,-135.05
39.77,-86.16
51.51,-0.13
46.6,1.89
53.79,-0.42
51.51,-0.13
N/A,N/A
49.26,-123.11
33.54,-117.79
32.72,-117.16
45.42,-75.69
47.61,-122.19
N/A,N/A
N/A,N/A
N/A,N/A
48.88,2.18
40.71,-74.01
38.71,-9.14
32.09,34.78
64.84,-147.72
47.14,-122.31
38.97,-94.78
42.64,-76.18
43.65,-79.38
44.5,-80.34
29.76,-95.37
52.52,13.39
N/A,N/A
32.27,-89.99
39.96,-83
33.45,-112.07
51.9,-2.07
36.7,-118.76
48.83,-123.52
47.6,-122.33
52.52,13.39
45.28,-66.06
52.21,-2.16
N/A,N/A
37.88,-122.24
33.86,-84.02
52.37,4.89
49.26,-123.11
41.5,-87.85
45.06,-93.07
53.5,-2.52
37.27,-80.02
44.13,-81.15
-21.9,-46.91
30.09,-81.72
39.72,-77.47
39.8,-105.08
42.36,-71.06
40.41,-74.03
27.34,-82.53
41,-76.45
44.98,-93.27
N/A,N/A
40.12,-88.24
40.12,-88.24
9.93,-84.08
-26.68,152.92
N/A,N/A
N/A,N/A
30.27,-97.74
N/A,N/A
N/A,N/A
N/A,N/A
47.69,-122.19
47.69,-122.19
N/A,N/A
51.06,-1.31
33.77,-118.19
40.74,-74.38
29.9,-81.41
26.14,-81.79
30.4,-86.87
42.36,-71.06
42.36,-71.06
32.75,-97.33
40.64,-74.45
40.64,-74.45
52.2,0.12
49.26,-123.11
40.65,-73.95
49.69,-115.98
30.31,-89.33
30.31,-89.33
57.15,-2.09
51.51,-0.13
N/A,N/A
41.74,-87.71
33.01,-96.69
36.1,-80.24
51.92,4.48
49.77,-94.49
5.76,-73.38
36.83,-119.7
36.83,-119.7
40.5,-74.49
N/A,N/A
44.05,-123.1
5.34,-72.4
N/A,N/A
59.36,18
30.27,-97.74
38.06,-78.49
38.06,-78.49
22.28,114.16
-28,153.41
N/A,N/A
N/A,N/A
40.42,-3.7
42.25,-88.61
43.08,-88.91
43.08,-88.91
48.14,11.58
N/A,N/A
46.73,-117.17
52.37,4.89
52.37,4.89
N/A,N/A
52.48,-1.9
40.46,-88.82
-37.81,144.96
42.33,-83.05
33.54,-111.96
-27.47,153.02
32.75,-97.33
26.44,-81.81
53.48,-2.25
37.54,-77.92
32.72,-117.16
8.96,-83.52
26.64,-81.87
50,-86
41.58,-85.83
N/A,N/A
9.93,-84.08
36.85,-75.98
50.88,4.47
51.82,-0.81
33.12,-117.08
37.8,-122.27
-38.75,143.67
40.76,-111.89
29.79,-95.82
-22.91,-43.21
-34.61,-58.44
N/A,N/A
N/A,N/A
50.88,4.7
33.66,-116.28
32.72,-117.16
9.93,-84.08
33.75,-118.37
38.3,-122.29
59.33,18.07
47.61,-122.19
N/A,N/A
46.1,-64.8
14.62,-90.52
44.3,-78.32
51.11,-0.18
14.11,-87.2
34,-81.03
5.83,-73.03
N/A,N/A
46.05,-73.71
46.05,-73.71
33.94,-118.12
33.94,-118.12
9.62,-84.6
38.89,-77.04
47.42,-120.31
25.77,-80.19
25.77,-80.19
9.93,-84.08
47.6,-122.33
33.69,-117.83
51.51,-0.13
51.49,-0.14
36.7,-118.76
N/A,N/A
32.09,34.78
N/A,N/A
32.72,-117.16
34.05,-118.24
53.54,-113.51
34.12,-84
33.96,-83.99
53.1,-2.45
N/A,N/A
41.98,-91.67
10.27,-84.07
39.1,-94.58
N/A,N/A
51.05,-114.07
32.78,-96.8
32.78,-96.8
42.36,-71.06
32.72,-117.16
N/A,N/A
50.81,-0.37
N/A,N/A
49.69,-115.98
40.08,-74.4
29.9,-81.41
46.52,6.63
35.67,-79.04
35.67,-79.04
30.33,-81.66
35.78,-78.64
10.27,-84.07
9.92,-84.19
N/A,N/A
51.51,-0.13
36.39,-105.29
40.23,-82.69
N/A,N/A
35.23,-80.84
35.23,-80.84
-22.97,-47
51.51,-0.13
9.86,-83.92
41.38,2.18
31.82,-99.51
37.34,-121.89
37.34,-121.89
42.32,-83.4
42.32,-83.4
41.88,-87.62
30.24,-93.38
37.66,-121.87
N/A,N/A
N/A,N/A
29.71,-95.46
33.97,-118.03
33.97,-118.03
N/A,N/A
N/A,N/A
43.3,5.37
47.6,-122.33
47.37,8.54
40.75,-73.8
40.75,-73.8
34.05,-118.24
N/A,N/A
N/A,N/A
41.5,-81.62
29.89,-81.31
42.98,-81.25
33.75,-117.87
33.75,-117.87
42.36,-71.06
55.46,-4.63
36,-78.9
29.76,-95.37
27.95,-82.46
42.36,-71.06
34.18,-118.33
48.21,16.37
9.86,-83.92
51.51,-0.13
N/A,N/A
N/A,N/A
41.88,-87.62
49.26,-123.11
N/A,N/A
39.29,-76.61
N/A,N/A
38.59,-90.36
40.71,-74.01
40.71,-74.01
N/A,N/A
34.05,-118.24
51.87,0.36
47.61,-122.19
47.6,-122.33
46.53,6.61
N/A,N/A
30.28,-89.78
29.76,-95.37
29.76,-95.37
40.22,-74.74
40.39,-111.85
28.7,-81.35
N/A,N/A
N/A,N/A
10.27,-84.07
51.48,-0.6
37.78,-122.42
30.08,-95.42
30.08,-95.42
42.36,-71.06
42.36,-71.06
35.47,-97.52
N/A,N/A
N/A,N/A
51.22,4.4
40.65,-73.95
40.46,-88.82
34.05,-118.24
52.2,0.12
33.59,-117.69
N/A,N/A
46.05,14.51
27.95,-82.46
10.46,-84.47
28.7,-81.35
39.29,-76.61
39.95,-75.16
38.23,-122.64
38.8,-122.53
38.13,-121.27
39.39,-76.71
39.95,-75.16
36.03,-114.98
N/A,N/A
45.76,4.83
N/A,N/A
36.85,-75.98
41.88,-87.62
32.79,-79.94
N/A,N/A
N/A,N/A
27.76,-81.46
-33.85,151.22
37.78,-122.28
37.78,-122.28
47.66,-117.26
47.66,-117.26
52.52,13.39
33.77,-116.5
38.71,-9.14
N/A,N/A
40.76,-111.89
N/A,N/A
51.51,-0.13
35.47,-97.52
42.77,-71.47
-33.85,151.22
39.52,-76.94
38.89,-77.04
41.26,-95.94
40.71,-74.01
42.31,-85.25
N/A,N/A
50.84,-0.17
45.5,-73.57
35.63,-120.69
35.63,-120.69
27.34,-82.53
14.59,120.97
51.51,-0.13
N/A,N/A
51.51,-0.59
N/A,N/A
33.77,-118.19
45.47,9.19
N/A,N/A
30.09,-81.72
33.86,-118.4
33.86,-118.4
51.69,-0.03
34.05,-118.24
34.05,-118.24
42.45,-73.26
N/A,N/A
N/A,N/A
38.83,-104.83
33.58,-117.19
N/A,N/A
53.08,-0.81
51.51,-0.13
51.51,-0.13
39.1,-94.58
42.41,-124.42
29.76,-95.37
40.97,-77.73
30.28,-86.02
52.89,-3.04
51,3.87
N/A,N/A
N/A,N/A
51.77,0.46
N/A,N/A
41.59,-88.06
40.42,-3.7
25.99,-80.23
30.67,-97.66
N/A,N/A
45.5,-73.51
41.88,-87.62
N/A,N/A
N/A,N/A
N/A,N/A
57.71,11.97
40.9,-73.91
30.09,-94.1
44.01,-73.16
5.34,-72.4
52.89,-3.04
45.52,-122.67
45.52,-122.67
38.89,-77.04
N/A,N/A
N/A,N/A
39.29,-76.61
25.93,-80.16
42.38,-72.03
42.38,-72.03
36.16,-86.77
N/A,N/A
51.51,-0.13
32.21,-80.94
39.09,117.2
32.72,-117.16
33.95,-84.55
24.4,54.54
N/A,N/A
N/A,N/A
49.28,-122.83
34.35,-119.42
34.35,-119.42
41.88,-87.62
46.52,6.63
N/A,N/A
46.52,6.63
9.93,-84.08
32.21,-95.88
41.79,-73.69
38.89,-77.04
9.41,-84.16
48.86,2.35
30.27,-97.74
40.71,-74.01
35,-80.86
51.9,-2.07
39.04,-77.12
32.09,34.78
-33.93,18.42
32.78,-96.8
29.21,-81.02
30.27,-97.74
N/A,N/A
N/A,N/A
36.17,-115.15
36.17,-115.15
40.82,-73.5
46.88,-96.79
34.15,-118.81
32.78,-96.8
38.91,-77.2
38.91,-77.2
45.5,-73.57
34.05,-118.24
34.05,-118.24
42.88,-8.55
35.67,-79.04
29.76,-95.37
9.92,-84.14
31.9,34.81
N/A,N/A
N/A,N/A
34.75,-92.29
32.78,-96.8
60.39,5.33
33.66,-95.56
17.09,-61.79
9.93,-84.08
41.12,-74.15
-27.38,-70.31
29.76,-95.37
47.6,-122.33
N/A,N/A
14.62,-90.52
51.02,-0.45
30,-95.26
58.53,14.53
39.2,-86.54
40.13,-82.93
N/A,N/A
N/A,N/A
33.69,-80.44
59.91,10.74
N/A,N/A
31.53,34.87
35.28,25.46
35.28,25.46
32.79,-79.94
44.13,9.68
N/A,N/A
N/A,N/A
N/A,N/A
N/A,N/A
37.34,-121.89
44.98,-93.27
31.82,-99.51
45.5,-73.57
40.71,-74.01
40.71,-74.01
38.65,-90.24
N/A,N/A
28.29,-81.41
36.87,-87.49
35.23,-80.84
38.89,-77.35
N/A,N/A
N/A,N/A
38.83,-104.83
35.18,-83.38
42.5,-70.86
35.18,-83.38
38.76,-121.16
27.1,-82.45
29.51,-95.09
39.73,-121.84
33.78,-84.44
43.95,-80.1
45.5,-73.57
29.76,-95.37
N/A,N/A
29.96,-90.22
29.96,-90.22
33.45,-112.07
25.79,-80.14
N/A,N/A
36.7,-118.76
32.75,-97.33
47.66,-117.42
18.06,-63.05
N/A,N/A
29.42,-98.5
33.2,-117.38
29.79,-95.82
40.65,-73.95
40.65,-73.95
29.76,-95.37
N/A,N/A
N/A,N/A
45.75,-73.6
N/A,N/A
N/A,N/A
54.7,-3.28
4.61,-74.14
35.44,-95.98
35.44,-95.98
N/A,N/A
26.36,-80.08
26.36,-80.08
N/A,N/A
39.95,-75.16
29.57,-97.96
49.26,-123.11
N/A,N/A
10.74,-85.2
45.5,-73.57
43.65,-79.38
N/A,N/A
N/A,N/A
42.27,-83.73
38.25,-85.76
10.27,-84.07
54.13,-1.5
40.71,-74.01
39.01,-76.68
39.01,-76.68
N/A,N/A
42.77,-71.47
41.88,-87.62
25.77,-80.19
N/A,N/A
N/A,N/A
32.33,-83.11
29.3,-94.79
27.34,-82.53
27.34,-82.53
45.5,-73.57
30.27,-97.74
33.75,-117.87
36,-78.9
29.42,-98.5
26.12,-80.14
N/A,N/A
33.01,-96.69
33.01,-96.69
38,-121.81
N/A,N/A
41.08,-86.89
N/A,N/A
52.92,-1.48
33.16,-117.35
39.76,-84.19
35.23,-80.43
29.42,-98.5
32.21,-95.88
9.98,-84.19
47.6,-122.33
41.88,-87.62
10.63,-83.95
33.75,-84.75
-24.78,134.76
33.58,-117.73
42.81,-73.94
39.55,-104.97
N/A,N/A
N/A,N/A
26.24,-80.12
51.53,-0.03
29.76,-95.37
26.46,-80.07
27.76,-81.46
30.27,-97.74
29.76,-95.37
30.67,-97.66
25.77,-80.19
6.13,80.1
29.42,-98.5
52.04,1.17
N/A,N/A
37.71,-97.14
35.05,-85.31
38.89,-77.04
38.58,-121.53
34.1,-117.65
35.78,-78.64
37.13,-76.46
46.21,-119.12
43.62,-116.2
29.42,-98.5
50.37,-4.14
37.78,-122.42
52.71,-2.75
28.11,-80.64
28.11,-80.64
N/A,N/A
33.45,-112.07
33.45,-112.07
42.96,-85.67
42.96,-85.67
40.09,-74.05
34.15,-118.25
32.22,-110.97
36.17,-115.15
4.82,-75.68
N/A,N/A
N/A,N/A
N/A,N/A
40.71,-74.55
40.71,-74.55
35.08,-106.65
32.58,-117.11
N/A,N/A
30.03,-95.09
30.03,-95.09
42.26,-71.8
39.79,-75.17
51.24,-0.21
42.33,-71.64
25.93,-80.16
42.33,-71.64
25.93,-80.16
30.28,-89.78
N/A,N/A
N/A,N/A
45.37,-122.61
47.6,-122.33
38.89,-77.04
38.89,-77.04
9.89,-84.6
51.51,-0.13
35.05,-85.31
40.55,-105.07
40.55,-105.07
25.77,-80.19
39.1,-94.58
32.09,34.78
26.93,-80.09
10.27,-84.07
35.37,-119.02
N/A,N/A
39.03,-95.76
33.82,-118.04
N/A,N/A
38.93,-119.98
32.78,-96.8
33.45,-112.07
-24.78,134.76
-24.78,134.76
51.26,-1.09
N/A,N/A
N/A,N/A
38.89,-77.35
25.77,-80.19
N/A,N/A
35.6,-82.55
N/A,N/A
N/A,N/A
36.55,-82.56
36.55,-82.56
9.93,-84.08
43.07,-89.38
43.07,-89.38
33.67,-117.33
33.67,-117.33
40.38,-104.69
39.47,-0.38
30.6,-96.31
26.12,-80.14
N/A,N/A
36.76,22.83
N/A,N/A
5.34,-72.4
5.34,-72.4
30.28,-87.62
50.64,3.06
47.5,7.56
N/A,N/A
40.71,-74.01
40.23,-82.69
38.73,-105.61
35.15,-90.05
N/A,N/A
49.9,-97.14
41.88,-87.62
N/A,N/A
40.65,-73.95
40.38,-104.69
26.24,-80.12
39.95,-75.16
39.95,-75.16
51.51,-0.13
39.95,-75.16
28.98,-81.23
40.71,-74.01
29.76,-95.37
38.05,-84.5
29.76,-95.37
42.36,-71.06
34.15,-118.14
60.54,-145.76
33.54,-112.19
25.77,-80.19
25.77,-80.19
33.62,-117.93
33.62,-117.93
52.65,-2.64
29.76,-95.37
N/A,N/A
-41.29,174.78
N/A,N/A
N/A,N/A
N/A,N/A
53.38,-2.35
32.72,-117.16
34.06,-117.18
N/A,N/A
41.26,-73.69
N/A,N/A
N/A,N/A
32.27,-102.6
27.5,-82.57
54.7,-3.28
25.77,-80.19
N/A,N/A
40.08,-89.43
44.36,-97.38
48.86,2.35
33.86,-118.4
34.69,-82.95
34.69,-82.95
N/A,N/A
30.27,-97.74
N/A,N/A
49.26,-123.11
47.85,12.35
33.52,-86.8
N/A,N/A
46.23,-119.09
-27.38,-70.31
34.11,-118.15
50.35,-3.99
38.89,-77.04
N/A,N/A
30.27,-87.69
51.62,-3.95
30.4,-86.87
47.97,-122.2
N/A,N/A
N/A,N/A
22.89,-109.92
22.89,-109.92
N/A,N/A
N/A,N/A
33.54,-112.19
33.54,-112.19
42.36,-71.06
29.99,-90.15
51.51,-0.13
N/A,N/A
39.77,-86.16
10.27,-84.07
34.03,-117.04
26.12,-80.14
44.43,-89.69
44.43,-89.69
38.59,-89.91
33.78,-84.44
33.78,-84.44
N/A,N/A
39.95,-75.16
33.89,-117.82
33.52,-86.8
42.31,-71.44
41.88,-87.62
44.43,-89.69
34.05,-118.24
34.11,-83.76
49.26,-123.11
N/A,N/A
32.72,-117.16
52.06,-0.41
49.88,-103.43
52.04,-0.76
19.64,-156
19.64,-156
63.4,13.08
42.94,-88.05
34.05,-118.24
32.88,-85.82
53.35,-6.26
36.28,-5.3
40.28,-75.39
N/A,N/A
N/A,N/A
44.01,-70.52
51.05,-114.07
43.48,-71.66
28.6,-81.35
28.6,-81.35
43.65,-79.38
27.2,-80.25
47.25,-122.44
40.71,-74.01
10.03,-84.03
10.03,-84.03
50.8,-2.34
N/A,N/A
5.34,-72.4
-35.3,149.1
9.41,-84.16
38.99,-76.95
-35.3,149.1
26.12,-80.14
29.95,-90.07
41.04,-74.13
52.41,-1.51
30.41,-86.62
30.41,-86.62
41.88,-87.62
41.88,-87.62
34.05,-118.24
40.71,-74.01
30.27,-97.74
33.99,-117.97
51.51,-0.13
50.82,-0.14
41.61,-88.21
44.49,-72.96
26.01,-80.15
40.7,-73.46
40.7,-73.46
52.28,-1.54
52.28,-1.54
51.45,-2.6
51.45,-2.6
30.13,-91.83
N/A,N/A
47.05,-122.9
N/A,N/A
51.75,-0.34
55.01,-1.45
36.55,-82.56
48.86,2.35
26.82,-80.14
N/A,N/A
27.77,-82.67
N/A,N/A
40.75,-74.26
40.75,-74.26
43.65,-79.38
43.98,-120.74
33.75,-84.39
45.7,9.72
8.74,-82.39
38.89,-77.04
51.51,-0.13
47.6,-122.33
46.45,6.89
N/A,N/A
10.47,-84.64
10.47,-84.64
51.05,-114.07
19.32,-81.38
42.78,-71.08
9.41,-84.06
40.71,-74.01
37.41,-79.14
37.41,-79.14
41.51,-81.69
41.38,2.18
51.22,4.4
32.09,34.78
30.27,-97.74
34.1,-117.65
48.86,2.35
52.95,-1.15
30.45,-91.19
40.83,-75.08
N/A,N/A
49.89,-119.5
44.84,-0.58
26.34,-81.78
51.08,10.42
59.91,10.74
38.64,-121.25
N/A,N/A
39.79,-75.7
39.79,-75.7
33.78,-84.44
N/A,N/A
39.06,-84.55
28.54,-81.38
10.01,-84.12
41.88,-87.62
51.51,-0.13
39.95,-75.16
28.54,-81.38
28.54,-81.38
30.44,-84.28
N/A,N/A
43.03,-87.92
43.03,-87.92
40.23,-111.66
34.05,-118.24
N/A,N/A
25.79,-80.14
25.79,-80.14
52.48,-1.9
43.65,-79.38
35.47,-97.52
-33.73,151.17
31.85,-102.37
32.52,-92.15
43.64,-70.24
51.38,-2.36
29.76,-95.37
N/A,N/A
49.01,8.4
49.01,8.4
43.05,-76.15
43.05,-76.15
53.74,-0.34
28.6,-81.35
37.82,-122
36.47,-82.52
41.81,-71.42
41.81,-71.42
19.65,-156
43.67,6.98
44.51,-92.9
44.51,-92.9
51,10
23.45,-110.23
19.65,-156
33.78,-84.44
39.02,-77.2
51.46,-0.89
38.89,-77.04
38.89,-77.04
N/A,N/A
44.94,-123.03
53.55,10
27.75,-97.4
40.85,-73.88
44.51,-88.01
N/A,N/A
45.52,-122.67
55.75,37.62
37.26,-122.02
37.26,-122.02
19.32,-81.38
43.69,-79.76
40.67,-92.16
51.51,-0.13
50.82,-0.14
50.82,-0.14
51.48,-1.65
33.75,-116.97
33.75,-116.97
49.7,-123.16
49.7,-123.16
43.33,-77.91
51.36,1.44
5.34,-72.4
N/A,N/A
N/A,N/A
44.85,-93.47
44.85,-93.47
47.08,5.85
N/A,N/A
29.76,-95.37
38.89,-77.04
47.67,-116.78
44.65,-63.59
39.8,-105.08
52.14,-0.47
49.9,-97.14
17.16,-89.07
39.08,-76.57
52.31,9.6
38.05,-84.5
37.8,-122.27
38.89,-77.04
41.88,-87.62
42.7,23.32
41.15,-8.61
50.81,3.33
50.81,3.33
51.5,3.89
24.83,-104.83
43.65,-79.38
37.88,-122.24
51.05,-114.07
41.88,-87.62
48.14,11.58
35.08,-106.65
N/A,N/A
51.51,-0.13
51.51,-0.13
35.08,-106.65
38.89,-77.04
37.88,-122.24
27.76,-81.46
39.75,-75.55
41.13,-73.71
39.21,-76.94
40.71,-74.01
N/A,N/A
37.78,-122.42
37.78,-122.42
N/A,N/A
N/A,N/A
40.65,-111.5
59.43,17.95
47.37,8.54
N/A,N/A
38.71,-120.95
38.71,-120.95
43.07,-89.38
50,-86
50,-86
40.42,-3.7
45.71,-68.86
47.48,19.15
37.98,-122.03
40.42,-3.7
41.72,-83.71
1.36,103.82
33.99,-117.97
33.99,-117.97
10.38,-84.01
51.51,-0.13
9.92,-84.14
-33.07,151.61
42.77,-78.62
51.25,4.5
42.5,-90.66
-34.79,-68.44
37.78,-122.42
37.78,-122.42
42.87,-73.77
42.87,-73.77
N/A,N/A
36.91,-121.75
36.91,-121.75
34.23,-118.54
33.75,-84.39
30.27,-97.74
40.09,-75.39
31.82,-99.51
31.82,-99.51
N/A,N/A
N/A,N/A
32.72,-117.16
51.51,-0.13
44.98,-93.27
N/A,N/A
32.72,-117.16
42.07,-87.94
32.09,34.78
45.52,-122.67
34.05,-118.24
30.33,-81.66
29.33,48.07
44.53,-64.11
44.53,-64.11
13.75,100.49
29.76,-95.37
53.18,-3.03
28.04,-81.95
49.26,-123.11
N/A,N/A
40.53,-75.39
43.65,-79.38
55.69,12.57
55.69,12.57
43.65,-79.38
40.08,-74.4
40.57,-111.84
39.08,-77.15
56.46,-2.97
49.9,-97.14
49.9,-97.14
43.45,-80.49
41.42,-73.95
51.5,3.89
44.34,-76.16
42.42,-88.07
N/A,N/A
45.68,-111.04
39.55,-104.97
41.88,-87.62
30.27,-97.74
45.2,-63.17
44.65,-63.59
44.65,-63.59
38.4,-122.82
29.76,-95.37
51.05,-114.07
50.89,5.99
38.68,-121.22
9.86,-83.92
40.08,-89.43
-2.9,-79
48.43,-123.36
N/A,N/A
30.27,-97.74
N/A,N/A
N/A,N/A
55.53,-106.14
55.53,-106.14
44.64,-93.14
40.64,22.94
42.27,-83.73
42.39,-71.1
55.95,-3.19
N/A,N/A
40.27,-76.89
51.92,4.48
43.26,-79.87
43.26,-79.87
44.51,-88.01
51.71,-1.78
30.08,-95.42
30.62,-86.19
10.38,-84.01
30.03,-95.09
44.51,-88.01
27.95,-82.46
44.98,-93.27
10.01,-84.12
30.24,-81.39
39.69,-74.99
42.36,-71.06
N/A,N/A
43.59,-79.64
35.22,-97.44
-0.22,-78.51
32.56,-97.14
32.79,-79.94
36.4,-81.49
40.87,-74.74
30.27,-97.74
40.87,-74.74
52.1,0.29
25.87,-80.32
34.05,-118.24
43.65,-79.38
50.06,14.45
51.51,-0.13
53.62,-0.3
N/A,N/A
55.83,-3.08
49.28,-122.79
40.47,-74.39
40.47,-74.39
38.97,-94.69
39.8,-89.64
33.49,-111.93
-21.9,-46.91
49.9,-97.14
-37.81,144.96
30.27,-97.74
-37.81,144.96
33.45,-112.07
39.74,-104.98
36.85,-75.98
40.4,-86.89
40.4,-86.89
N/A,N/A
38.89,-77.04
38.65,-90.34
49.26,-123.11
6.28,99.73
53.65,-1.78
37.18,-79.62
26.98,-82.11
44.98,-93.27
9.93,-84.08
30.07,-99.24
40.75,-74.33
40.75,-74.33
N/A,N/A
50.82,-0.14
50.74,-1.86
34.05,-118.24
33.43,-111.94
42.36,-71.06
43.23,-86.25
43.23,-86.25
41.72,-74.4
N/A,N/A
40.76,-111.89
32.77,-108.28
33.45,-112.07
42.33,-83.05
42.33,-83.05
46.36,-94.2
48.86,2.35
42.14,-87.76
44.01,-73.16
41.27,-73.55
38.65,-90.24
59.91,10.74
59.91,10.74
33.43,-111.94
55,-115
39.29,-76.61
39.29,-76.61
N/A,N/A
50.94,-2.63
50.94,-2.63
N/A,N/A
N/A,N/A
38.89,-77.04
38.89,-77.04
47.6,-122.33
55.69,12.57
41.62,-75.71
39.02,-77.2
51.87,0.16
19.64,-156
N/A,N/A
N/A,N/A
51.87,0.16
36.17,-115.15
47.6,-122.33
37.78,-122.42
45.95,-66.65
46.36,-94.2
N/A,N/A
N/A,N/A
-6.87,-75.05
-6.87,-75.05
35.23,-80.84
37.27,-76.71
37.27,-76.71
39.75,-75.55
38.33,-75.08
42.33,-83.05
41.92,-71.67
53.38,-1.47
10.01,-84.12
45.5,-73.57
45.5,-73.57
40.71,-74.01
47.05,-122.9
N/A,N/A
40.8,-73.73
44.54,-68.42
43.65,-79.38
51.54,4.94
51.54,4.94
N/A,N/A
10.1,-83.45
32,-102.08
43.65,-79.38
33.45,-112.07
44.33,-73.11
37.68,-121.77
36.83,-3.52
35.78,-78.64
44.64,-72.37
43.65,-79.38
38.83,-104.83
52.27,-113.82
31.8,35.21
44.48,-73.21
44.48,-73.21
40.71,-74.01
9.92,-84.03
29.79,-98.73
47.6,-122.33
32.14,-81.2
21.33,-158.08
52.95,-1.15
52.95,-1.15
46.33,-124.05
35.96,-83.92
52.09,4.39
42.93,-70.82
42.93,-70.82
50.06,14.45
37.78,-122.42
N/A,N/A
47.5,-111.29
N/A,N/A
34.51,-110.08
5.34,-72.4
45.42,-75.69
51.51,-0.13
47.75,-122.16
47.75,-122.16
47.6,-122.33
33.54,-112.19
49.69,-125
42.1,-76.26
38.89,-77.04
34.11,-83.76
N/A,N/A
5.34,-72.4
29.76,-95.37
51.07,1.08
35.6,-82.55
48.21,16.37
33.45,-112.07
29.03,-80.93
5.34,-72.4
60.17,24.94
37.78,-122.42
43.65,-79.38
43.65,-79.38
49.26,-123.11
N/A,N/A
26.64,-81.87
37.8,-122.27
40.76,-111.89
39.95,-75.16
43.65,-79.38
53.12,-1.56
50.68,-120.34
50.91,-1.4
41.88,-87.62
51.05,-114.07
32.75,-97.33
33.45,-112.07
47.69,-122.19
31.43,-86.96
42.36,-71.06
55.4,10.39
42.36,-71.06
50.87,-2.16
N/A,N/A
61.22,-149.89
-21.9,-46.91
49.26,-123.11
N/A,N/A
38.05,-84.5
43.65,-79.38
50.77,-103.8
50.77,-103.8
34.07,-84.27
38.83,-104.83
45.5,-73.57
47.6,-122.33
40.86,-72.79
51.99,-2.16
N/A,N/A
32.72,-117.16
40.24,-76.92
N/A,N/A
47.6,-122.33
38.99,-76.16
43.37,-80.98
43.66,-70.25
43.65,-79.38
50.97,0.02
51.01,-3.1
36,-78.9
33.88,-117.57
33.88,-117.57
51.02,-0.45
30.27,-97.74
N/A,N/A
N/A,N/A
51.51,-0.13
36.1,-80.24
45.5,-73.57
N/A,N/A
51.51,-0.13
-22.91,-43.21
35.89,14.45
30.27,-97.74
44.98,-93.27
45.5,-73.57
50,-86
32.72,-117.16
9.98,-84.4
37.34,-121.89
32.72,-117.16
29.03,-80.93
50.81,-0.98
37.94,-107.81
33.52,-81.97
45.5,-73.57
44.92,-92.93
44.92,-92.93
36.2,-86.52
21.3,-157.86
36.2,-86.52
45.5,-73.57
37.78,-122.42
41.51,-81.69
38.97,-95.24
36.16,-86.77
40.76,-111.89
N/A,N/A
43.16,-77.62
38.89,-77.04
25.77,-80.19
46.57,-93.38
46.57,-93.38
39.1,-84.51
N/A,N/A
11.35,76.8
45.5,-73.57
48.43,-123.36
41.42,-73.95
30.27,-97.74
38.89,-77.04
45.42,-75.69
45.42,-75.69
42.48,-87.82
N/A,N/A
41.4,-72.9
27.34,-82.53
43.9,-78.86
9.66,-84.02
40.74,-74.17
40.74,-74.17
40.11,-111.65
43.65,-79.38
51.05,-114.07
31.9,34.81
43.65,-79.38
45.48,-75.68
49.6,-119.67
47.39,0.69
40.44,-79.99
38.89,-77.04
33.7,-78.89
42.98,-81.25
33.78,-84.44
45.59,-122.41
34.15,-119.2
52.52,13.39
31.82,-99.51
45.59,-122.41
30.5,34.92
30.5,34.92
46.52,-84.32
46.52,-84.32
43.07,-89.38
43.07,-89.38
-33.44,-70.65
45.52,-122.67
51.03,4.48
38.73,-105.61
5.34,-72.4
5.34,-72.4
39.96,-83
33.59,-117.69
N/A,N/A
29.53,-95.2
N/A,N/A
N/A,N/A
52.5,5.07
30,-95.16
35.15,-90.05
N/A,N/A
45.99,-94.61
42.36,-71.06
42.1,-75.91
61.07,-107.99
N/A,N/A
35.6,-82.55
N/A,N/A
42.44,-76.5
32.78,-96.8
35.6,-82.55
41.58,-81.2
8.82,-82.91
35.22,-97.44
51.51,-0.13
51.56,-1.79
38.25,-85.76
40.3,-74.05
31.82,-101.05
37.12,-78.49
32.14,34.84
39.37,-104.86
51.15,0.87
-33.85,151.22
36.17,-115.15
51.51,-0.13
40.34,-75.93
41.8,-88.07
24,54
39.96,-83
37.78,-122.42
37.78,-122.42
56.95,24.11
39.1,-94.58
61.58,-149.44
43.76,-71.4
40.71,-74.01
43.17,-107.57
27.76,-81.46
N/A,N/A
-33.85,151.22
39.77,-86.16
32.78,-96.8
27.75,-97.4
35.38,-97.61
N/A,N/A
39.92,-75.39
43.65,-79.38
37.8,-122.27
40.71,-74.01
50.45,-104.62
35.34,33.32
33.45,-112.07
41.04,-107.66
38.34,-0.49
N/A,N/A
38.58,-121.49
43.83,-79.91
39.77,-86.16
39.77,-86.16
51.78,-1.49
50.68,-120.34
40.86,-74.43
39.21,-76.94
29.42,-98.5
35.96,-83.92
41.51,-81.69
N/A,N/A
42.27,-83.73
44.98,-93.27
N/A,N/A
32.7,-97.11
51.05,-114.07
N/A,N/A
47.6,-122.33
47.6,-122.33
28.86,-81.91
N/A,N/A
40.71,-74.01
47.47,-122.35
38.3,-122.29
41.89,-88.02
34.05,-118.24
9.41,-84.06
42.93,-72.28
43.47,-80.52
42.51,-89.03
N/A,N/A
46.35,-124.05
43.56,-91.64
53.15,-0.22
N/A,N/A
N/A,N/A
40.87,-74.64
46.18,-62.53
N/A,N/A
N/A,N/A
49.52,-96.51
32.31,-106.78
45.63,-122.67
43.82,-71.64
29.91,-100.35
9.41,-84.16
43.65,-79.38
43.65,-79.38
34.05,-118.24
34.05,-118.24
-8.43,127.32
35.67,-79.04
37.98,-122.29
38.73,-105.61
40.65,-111.5
51.05,-114.07
32.95,-96.89
N/A,N/A
29.91,-100.35
51,10
26.22,50.58
29.42,-98.5
44.43,-89.69
50.06,14.45
N/A,N/A
47.67,-116.78
35.96,-83.92
N/A,N/A
N/A,N/A
35.7,-80.89
47.83,-79.87
40.87,-74.64
30.27,-97.74
N/A,N/A
45.5,-73.57
-21.9,-46.91
53.15,-1.02
50.82,-3.43
32.1,34.81
38.25,-122.04
10.09,-84.3
51.09,-115.35
42.93,-72.28
40.29,-75.98
47.38,-122.83
36.83,-119.7
9.98,-84.4
29.76,-95.37
53.96,-1.08
49.9,-97.14
32.72,-117.16
33.52,-117.71
34.18,-118.33
34.18,-118.33
N/A,N/A
36.83,-119.7
30.27,-97.74
43.65,-79.38
45.5,-73.57
45.5,-73.57
45.99,-94.61
N/A,N/A
32.72,-117.16
42.36,-71.06
-37.81,144.96
34.67,-93
10.09,-84.3
40.28,-86.51
41.88,-87.62
-36.85,174.76
-36.85,174.76
-3.37,36.86
N/A,N/A
41.16,-81.44
32.52,-94.4
46.21,-90.68
38.83,-104.83
39.28,-76.83
39.28,-76.83
32.21,-95.88
30.27,-97.74
30.27,-97.74
46.21,-90.68
43.65,-79.38
9.93,-84.08
N/A,N/A
9.33,-83.57
33.77,-118.19
51.51,-0.13
51.05,-114.07
N/A,N/A
N/A,N/A
29.76,-95.37
38.88,-77.09
38.88,-77.09
38.89,-77.04
30.27,-97.74
60.39,5.33
43.1,-89.51
0.35,-79.57
43.27,-79.95
40.71,-74.01
51.05,-114.07
40.71,-74.01
51.05,-114.07
28.32,-81.54
-33.8,151.29
N/A,N/A
N/A,N/A
38.64,-88.63
43.23,-79.98
38.64,-88.63
36.16,-95.99
26.61,-81.98
50.83,6.9
50.83,6.9
42.27,-83.73
36.33,-119.29
51.46,-0.97
40.71,-74.01
39.96,-83
37.87,-122.59
51.05,-114.07
51.05,-114.07
N/A,N/A
36.16,-86.77
33.01,-96.69
40.82,-74.22
32.81,35.02
41.88,-87.62
41.88,-87.62
40.71,-74.01
40.71,-74.01
29.76,-95.37
41.08,-81.52
34.09,-87.06
41.25,-81.83
N/A,N/A
54.6,-5.93
49.85,3.29
N/A,N/A
4.65,-74.08
37.8,-122.27
38.89,-77.04
N/A,N/A
39.1,-84.51
52.2,0.12
42.67,-88.54
29.76,-95.37
43.65,-79.38
33.69,-117.83
33.78,-84.44
14.62,-90.52
40.35,-74.18
31.19,29.94
45.01,-93.16
43.16,-77.62
45.5,-73.57
40.44,-86.93
10.38,-84.01
39.1,-84.51
26.61,-81.98
38.3,-77.46
38.3,-77.46
41.88,-87.62
44.98,-93.27
43.69,-79.76
42.36,-71.06
N/A,N/A
52.23,-7.11
42.33,-71.12
52.9,-2.48
43.65,-79.38
44.8,-68.78
37.78,-122.42
37.78,-122.42
44.8,-68.78
47.76,-122.28
N/A,N/A
47.76,-122.28
59.91,10.74
43.26,-79.07
51.16,-3.08
32.78,-96.8
43.65,-79.38
29.71,-95.12
35.44,-120.89
52.06,-2.72
9.93,-84.08
46.6,1.89
40.71,-74.01
N/A,N/A
38.89,-77.04
11,-74.82
42.36,-71.06
30.27,-97.74
N/A,N/A
N/A,N/A
39.64,-84.29
-37.48,-72.33
51.46,-0.97
51.46,-0.97
42.22,-87.98
51.51,-0.27
35.91,-79.06
44.35,-121.18
33.64,-117.6
33.64,-117.6
50.8,-1.08
42.08,-87.72
32.72,-117.16
29.62,-95.54
37.32,-122.03
38.88,-77.17
42.11,-88.03
43.59,-79.64
37.78,-122.42
40.59,-122.39
39.95,-75.16
39.95,-75.16
47.25,-122.44
50.8,-1.08
N/A,N/A
51.45,-2.6
37.32,-122.03
38.88,-77.09
42.36,-71.06
41.88,-87.62
34.05,-118.24
39.78,-100.45
35.96,-83.92
22.28,114.16
46.52,-95.37
42.89,-87.86
43.45,-79.67
33.49,-111.93
37.78,-122.42
43.65,-79.38
39.77,-86.16
41.12,-85.18
39.04,-76.5
33.59,-117.24
32.79,-79.94
44.26,-88.41
64.45,-149.68
64.45,-149.68
59.23,17.97
59.23,17.97
41.94,-85.63
41.94,-85.63
10.63,-83.95
26.12,-80.14
45.42,-75.69
10.27,-84.07
43.65,-79.38
31.85,-102.37
N/A,N/A
38.71,-9.14
38.71,-9.14
42.13,-87.83
42.13,-87.83
N/A,N/A
41.24,-81.44
32.64,-117.08
38.36,-122.54
32.5,-116.96
51.51,-0.13
27.73,-82.74
40.22,-74.09
9.93,-84.08
52.15,4.48
52.15,4.48
51.51,-0.13
43.16,19.12
9.93,-84.05
60.17,24.94
41.95,-86.34
41.95,-86.34
30.27,-97.74
N/A,N/A
40.42,-3.7
36.16,-95.99
40.49,-86.13
29.56,-95.29
44.65,-63.59
30.33,-81.66
48.41,-89.26
54.09,-2.42
9.93,-84.08
33.45,-112.07
29.42,-98.5
33.75,-117.87
33.75,-117.87
41.88,-87.62
43.08,-73.79
51.51,-0.13
30.73,-90.51
37.1,-113.58
29.76,-95.37
37.13,-8.3
37.13,-8.3
33.49,-111.93
43.65,-79.38
9.41,-84.16
26.1,-80.4
N/A,N/A
28.54,-81.38
28.54,-81.38
36.31,-82.35
43.65,-79.38
12.43,-86.88
43.65,-79.38
47.5,-111.29
32.78,-96.8
N/A,N/A
48.86,2.35
48.86,2.35
44.61,-79.42
47.6,-122.33
34.15,-118.14
30,-98.1
N/A,N/A
29.51,-95.09
44.65,-63.59
19.32,-81.38
5.34,-72.4
37.41,-79.14
37.41,-79.14
34.99,-80.55
34.99,-80.55
28.11,-80.64
25.77,-80.19
45.52,-122.67
49.26,-123.11
49.2,-123.19
N/A,N/A
43.65,-79.38
29.76,-95.37
29.76,-95.37
36.36,-93.57
30.08,-95.42
N/A,N/A
35.23,-80.84
N/A,N/A
45.95,-66.65
45.95,-66.65
47.6,-122.33
31.82,-99.51
32.72,-117.16
39.74,-104.98
N/A,N/A
37.09,-95.94
30.17,-95.5
30.17,-95.5
31.82,-99.51
34.05,-84.07
34.05,-84.07
53.65,-1.78
-16.5,-151.74
-16.5,-151.74
41.38,2.18
47.6,-122.33
N/A,N/A
47.26,8.6
N/A,N/A
32.72,-117.16
45.42,-75.69
42.7,23.32
-41.29,174.78
20.63,-87.08
51.05,-114.07
32.78,-96.8
34.96,-97.27
29.76,-95.37
45.71,-68.86
33.89,-118.4
9.93,-84.08
51.48,-3.18
38.71,-9.14
27.95,-82.46
26.13,-80.23
42.36,-71.06
N/A,N/A
N/A,N/A
N/A,N/A
39.01,-77.02
38.81,-94.47
38.25,-122.04
35.17,33.36
30.27,-97.74
9.93,-84.08
41.77,-72.69
38.89,-77.04
40.07,-74.86
37.6,-85.91
42.95,-76.43
42.95,-76.43
48.56,-122.4
45.42,-75.69
52.26,4.49
-36.73,175.66
43.51,-79.88
43.51,-79.88
39.77,-86.16
39.77,-86.16
41.15,-91.66
28.29,-81.41
28.29,-81.41
42.36,-71.06
-30.03,-51.23
N/A,N/A
41.59,-93.6
44.99,-92.96
8.56,-81.13
10,-85.21
40.68,-95.86
N/A,N/A
45.76,4.83
37.98,23.73
41.94,-80.56
N/A,N/A
10.27,-84.07
38,-121.81
40.66,-74.39
25.72,-80.27
33.45,-112.07
N/A,N/A
51.05,-114.07
48.3,16.32
39.95,-75.16
48.82,-103.52
48.82,-103.52
32.14,-81.2
34.05,-118.24
34.05,-118.24
37.72,-122.16
39.29,-76.61
N/A,N/A
29.76,-95.37
25.72,-80.27
51.03,4.48
9.62,-84.6
39.95,-75.16
N/A,N/A
36.16,-86.77
52.52,13.39
52.52,13.39
39.96,-83
N/A,N/A
41.89,-87.77
32.78,-96.8
34.05,-118.24
34.05,-118.24
45.52,-122.67
N/A,N/A
N/A,N/A
10.27,-84.07
32.75,-97.33
32.75,-97.33
46.1,-64.8
53.22,6.57
28.54,-81.38
43.31,-1.98
41.81,-71.42
N/A,N/A
54.91,-1.38
41.93,-74
N/A,N/A
19.08,72.88
10.27,-84.07
38.35,-81.63
9.93,-84.08
35.61,-77.37
9.62,-84.6
45.42,-75.69
39.6,-110.81
19.43,-99.13
40.85,-73.1
40.42,-3.7
32.09,34.78
9.93,-84.08
25.86,-80.28
45.52,-122.67
37.98,-122.03
37.98,-122.03
10.46,-84.47
34.05,-118.24
35.23,-80.84
35.23,-80.84
27.64,-80.4
51.22,4.4
52,4.36
32.82,35
51.9,-2.07
N/A,N/A
34.99,-90.01
34.99,-90.01
27.76,-81.46
52.04,-0.76
37.49,-120.85
N/A,N/A
9.93,-84.08
34.05,-118.24
49.2,-123.19
45.52,-122.67
28.7,-81.35
46.73,-117
51.84,-0.1
46.48,-116.26
34.72,-80.77
48.5,-122.23
48.5,-122.23
52.37,4.89
39.77,-86.16
35.92,-81.18
35.92,-81.18
30.27,-97.74
50.88,4.47
29.92,-95.52
N/A,N/A
-22.91,-43.21
32.21,-95.88
50.85,4.35
50.85,4.35
39.03,-95.76
36.16,-95.99
39.1,-94.58
33.7,-117.96
38.88,-94.82
N/A,N/A
48.21,16.37
36.16,-86.77
40.37,-74.94
37.78,-122.42
N/A,N/A
N/A,N/A
45.76,4.83
28.09,-82.76
30.27,-97.74
N/A,N/A
40.67,-111.94
43.03,-87.92
50.88,4.7
26.93,-82.05
45.5,-73.57
45.5,-73.57
N/A,N/A
10.63,-85.44
39.22,-77.3
33.78,-84.44
39.1,-94.58
39.1,-94.58
42.01,-87.74
39.02,-94.28
-33.83,151.22
40.72,-74.05
24.67,-81.58
34.2,-119.18
34.05,-118.24
34.05,-118.24
53.53,-113.3
40.23,-82.69
10.09,-84.3
34.11,-118.15
38.44,-122.71
30.27,-97.74
N/A,N/A
25.77,-80.19
38.57,-90.88
36.69,-121.8
33.91,-118.01
10.46,-84.47
33.68,-118
47.07,15.44
53.87,-1.94
51.51,-0.13
32.78,-96.8
32.78,-96.8
51.51,-0.13
33.6,-117.66
33.89,-118.4
9.93,-84.08
33.85,-118.39
45.62,-122.54
35.96,-83.92
45.52,-122.67
33.64,-117.6
38.23,-122.64
33.43,-117.61
39.95,-75.16
51.05,-114.07
41.13,-8.61
29.95,-90.07
43.65,-79.38
-33.85,151.22
51.51,-0.13
35.23,-80.84
N/A,N/A
45.01,-93.05
45.47,9.19
45.01,-93.05
10.56,-85.69
-33.93,18.42
N/A,N/A
5.34,-72.4
38.65,-90.24
27.95,-82.46
52,4.56
52,4.56
30.33,-81.66
37.97,-122.53
10.11,-84.4
10.11,-84.4
34.05,-118.24
17.25,-62.67
28.09,-80.57
50.85,-0.56
36.01,-84.27
34.73,-86.59
33.2,-117.24
34.05,-118.24
42.98,-76.34
33.64,-117.6
4.65,-74.08
38.89,-77.04
N/A,N/A
51.07,-1.8
40.65,-73.95
40.65,-73.95
40.42,-3.7
41.26,1.77
51.13,4.57
41.15,-73.99
37.37,-122.04
36.7,-118.76
33.15,-96.82
N/A,N/A
28.54,-81.38
35.23,-80.84
N/A,N/A
33.02,-80.18
N/A,N/A
43.88,-78.94
29.76,-95.37
N/A,N/A
28.54,-81.38
39.79,-99.91
43.65,-79.38
43.65,-79.38
43.59,-79.64
N/A,N/A
52.37,4.89
52.37,4.89
N/A,N/A
41.88,-87.62
31.82,-99.51
N/A,N/A
25.77,-80.19
43.16,-75.84
26.1,-80.4
25.77,-80.19
35.05,-85.31
35.05,-85.31
26.72,-80.05
41.32,-81.35
36.03,-114.98
41.88,-87.62
38.71,-9.14
40.08,-74.4
39.95,-75.16
39.95,-75.16
N/A,N/A
33.75,-84.39
N/A,N/A
51.06,-0.33
N/A,N/A
35.23,-89.74
35.23,-89.74
43.36,-70.48
N/A,N/A
35.33,-80.65
10.44,-85.79
N/A,N/A
43.37,-5.15
39.54,-76.35
42.36,-71.06
39.51,-76.16
40.71,-74.01
N/A,N/A
N/A,N/A
40.2,-83.01
62.5,17.51
N/A,N/A
38.98,-76.49
38.98,-76.49
38.89,-77.04
36.7,-118.76
N/A,N/A
31.53,34.87
45.5,-73.57
25.79,-80.14
35.41,-80.84
41.88,-87.62
9.62,-84.6
48.41,2.73
43.31,-70.98
30.27,-97.74
27.73,-82.74
51.51,-0.13
40.79,-73.85
41.88,-87.62
42.2,-88.09
37.05,-121.99
41.27,-73.55
9.93,-84.08
40.71,-74.01
44.82,-93.17
41.27,-73.55
38.89,-77.04
27.75,-97.4
56.73,-111.39
39.33,-120.18
N/A,N/A
39.33,-120.18
N/A,N/A
27.75,-97.4
N/A,N/A
42.42,-83.77
37.78,-122.42
10,-84.63
34.42,-119.7
43.65,-79.38
46.62,-92.12
46.62,-92.12
36.7,-118.76
33.45,-112.07
36.7,-118.76
45.42,-75.69
39.01,-77.02
4.65,-74.08
38.4,-91.08
37.98,23.73
26.66,-80.24
45.5,-73.57
26.14,-81.79
40.59,-122.39
9.92,-84.14
10.74,-85.2
19.33,-96.67
19.33,-96.67
N/A,N/A
N/A,N/A
45.5,-73.57
39.01,-77.02
33.77,-116.5
51.51,-0.13
33.78,-84.44
59.91,10.74
47.5,-121.79
47.5,-121.79
61.07,-107.99
35.21,-101.83
35.21,-101.83
51.27,-0.34
35.79,-78.78
42.27,-83.73
40.72,-74.05
40.08,-74.4
51.46,-0.97
33.49,-111.93
33.75,-117.87
42.36,-71.06
27.95,-82.46
27.95,-82.46
33.78,-84.44
13.15,-59.53
N/A,N/A
32.72,-117.16
29.51,-95.09
52.16,5.4
9.93,-84.08
9.93,-84.08
33.75,-84.39
14.66,-90.81
14.66,-90.81
26.14,-81.79
28.11,-80.64
29.76,-95.37
39.55,-104.97
9.92,-84.14
55.86,-4.25
55.86,-4.25
33.95,-84.55
34.75,-86.97
41.88,-87.62
38.65,-90.24
38.65,-90.24
-33.85,151.22
27.95,-82.46
55.69,12.57
55.69,12.57
40.29,-74.33
40.5,-74.43
38.71,-9.14
40.87,-124.08
47.6,-122.33
33.96,-116.5
40.25,-75.65
34.05,-118.24
40.82,-74.22
40.72,-73.7
28.57,-81.54
51.26,0.07
-33.93,18.87
N/A,N/A
N/A,N/A
34.05,-118.24
46.21,-119.12
50.26,11.61
26.06,-80.23
35.05,-85.31
29.55,-95.55
41.88,-87.62
42.36,-71.06
32.78,-96.8
35.15,-90.05
40.78,-72.92
40.74,-94.25
38.89,-77.04
50.06,14.45
42.26,-71.8
46.05,14.51
40.28,-75.39
54.05,-128.65
39.96,-83
35.47,-97.52
10.64,-61.24
N/A,N/A
N/A,N/A
34.42,-119.7
N/A,N/A
41.88,-87.62
33.16,-96.94
33.67,-112.36
38.25,-85.76
34.05,-118.24
40.43,-78.39
42.65,-73.75
N/A,N/A
9.86,-83.92
41.48,-93.76
32.75,-97.33
32.75,-97.33
38.89,-77.04
54.7,-3.28
N/A,N/A
34.05,-118.24
40.35,-74.66
38.89,-77.04
30.27,-97.74
38.71,-9.14
34.17,-118.54
46.21,-119.12
38.83,-104.83
N/A,N/A
33.88,-117.57
29.06,-82.06
21.3,-157.86
21.3,-157.86
28.54,-81.38
35.91,-79.06
35,-80.86
10.38,-84.01
40.43,-78.39
43.98,-120.74
31.55,-97.15
38.71,-121.28
39.58,-104.88
33.49,-111.93
30.27,-97.74
34.17,-118.54
41.88,-87.62
N/A,N/A
32.78,-96.8
N/A,N/A
N/A,N/A
N/A,N/A
35.78,-78.64
N/A,N/A
N/A,N/A
33.15,-96.82
32.09,34.78
32.09,34.78
N/A,N/A
32.14,-81.2
46.48,-116.26
30.27,-97.74
32.99,-97.19
25.77,-80.19
40.25,-74.85
35.12,-120.59
27.22,-80.26
27.22,-80.26
N/A,N/A
38.25,-85.76
31.46,-96.06
31.46,-96.06
40.16,-75.02
39.1,-94.58
37.39,-122.08
32.72,-117.16
38.98,-76.49
36.16,-95.99
N/A,N/A
39.1,-84.51
59.86,17.64
27.59,-82.43
33.78,-84.44
34.87,-111.76
N/A,N/A
42.73,-84.47
42.55,-83.21
N/A,N/A
30.87,-92.01
-16.5,-151.74
32.14,-81.2
35.96,-83.92
39.02,-84.21
5.34,-72.4
42.36,-71.06
39.01,-77.02
29.95,-90.07
9.93,-84.08
33.78,-84.44
37.05,-121.99
37.05,-121.99
33.32,-96.79
32.72,-117.16
43.98,-120.74
45.88,22.9
34.05,-118.24
N/A,N/A
43.62,-72.52
21.48,-158.04
41.61,-87.06
28.81,-81.88
37.29,-121.94
35.96,-83.92
32.75,-97.33
32.75,-97.33
38.88,-94.82
5.34,-72.4
34.05,-118.24
38.65,-90.24
40.04,-76.31
37.36,-118.4
10.27,-84.07
34.05,-118.24
38.65,-90.24
48.89,11.18
N/A,N/A
9.66,-84.64
33.58,-112.24
35.08,-106.65
40.13,-87.63
29.76,-95.37
40.33,-86.17
N/A,N/A
36.2,-115.12
37.99,-122.59
43.7,-116.35
43.65,-79.38
51.24,-0.57
N/A,N/A
N/A,N/A
45.5,-73.57
32.78,-96.8
32.78,-96.8
37.78,-122.42
44.54,-122.91
39.1,-94.58
40.71,-74.01
48.22,16.38
N/A,N/A
28.54,-81.38
26.46,-80.07
37.43,-121.91
34.1,-118.33
9.92,-84.19
36.72,-4.42
N/A,N/A
18.83,-97.2
N/A,N/A
29.42,-98.5
N/A,N/A
33.42,-111.83
40.71,-74.01
39.08,-77.15
29.95,-90.07
29.95,-90.07
44.98,-93.27
36.03,-114.98
40.76,-111.89
39.1,-84.51
42.04,-87.69
33.31,-111.84
47.05,-122.9
45.52,-122.67
5.34,-72.4
32.72,-117.16
30.27,-97.74
5.34,-72.4
42.33,-71.64
33.78,-84.44
40.41,-79.99
41.31,69.28
10.46,-84.47
9.41,-84.16
39.46,-76.82
33.97,-118.03
32.45,-99.75
32.45,-99.75
35.6,-82.55
N/A,N/A
32.09,34.78
N/A,N/A
19.43,-99.13
19.43,-99.13
32.56,-97.14
N/A,N/A
41.26,-95.94
39.1,-84.51
28.81,-81.88
51.51,-0.13
42.42,-71.11
33.97,-118.03
51.51,-0.13
N/A,N/A
33.29,-104.54
12.98,77.59
40.3,-111.69
40.11,-104.52
N/A,N/A
40.71,-74.01
37.61,-121.9
29.76,-95.37
41.65,-72.73
29.76,-95.37
29.76,-95.37
33.75,-117.87
33.78,-84.44
42.92,-89.22
30.22,-92.02
35.06,-89.96
27.77,-82.67
N/A,N/A
28.57,-81.54
33.97,-118.03
37.03,-76.35
10.27,-84.07
40.71,-74.01
35.49,-82.99
33.78,-84.44
N/A,N/A
49.32,-123.07
61.07,-107.99
39.74,-104.98
9.93,-84.08
9.93,-84.08
35.23,-80.84
38.89,-77.04
43.45,-79.67
36,-78.9
5.34,-72.4
N/A,N/A
33.75,-117.87
N/A,N/A
N/A,N/A
37.79,-122.36
61.07,-107.99
1.36,103.82
33.78,-84.44
38.89,-77.04
38.89,-77.04
-22.91,-43.21
31.19,29.94
9.93,-84.08
33.95,-118.2
33.95,-118.2
40.71,-74.01
41.66,-91.53
41.88,-87.62
41.88,-87.62
30.45,-91.19
44.05,-123.1
44.05,-123.1
N/A,N/A
N/A,N/A
25.77,-80.19
35.23,-80.84
26.61,-81.98
N/A,N/A
45.12,7.33
46.52,6.63
34.05,-118.24
32.78,-96.8
32.78,-96.8
41.38,2.18
30.27,-97.74
33.45,-112.07
33.74,-116.29
38.57,-109.55
33.42,-111.83
52.37,4.89
52.37,4.89
40.71,-74.01
N/A,N/A
35.38,-77.99
9.85,-84.31
40.64,-112.3
40.64,-112.3
27.39,-80.89
N/A,N/A
51.48,-0.6
27.95,-82.46
30.81,-93.74
46.21,-119.12
N/A,N/A
39.95,-75.16
34.73,-86.59
43.44,-70.77
61.07,-107.99
44.94,-93.67
27.95,-82.46
35.23,-80.84
35.23,-80.84
49.26,-123.11
43.62,-84.68
45.5,-73.57
5.34,-72.4
9.41,-84.06
40.16,-75.02
35.32,-82.46
8.79,80.58
34.75,-86.97
40.44,-79.99
N/A,N/A
39.18,-76.96
N/A,N/A
N/A,N/A
28.54,-81.38
43.59,-79.64
30.3,-95.51
33.15,-96.82
38.18,-120.81
38.89,-77.04
36.34,127.45
9.93,-84.08
45.84,-119.29
12.28,-82.97
53.48,-2.25
36.7,-118.76
43.65,-79.38
45.35,-117.23
27.77,-82.67
40.57,-111.84
41.65,-72.73
26.45,-82.02
-33.85,151.22
52.2,0.12
41.88,-87.62
37.9,-122.06
21.3,-157.86
27.95,-82.46
42.36,-71.06
N/A,N/A
34.02,-118.4
41.88,-87.62
34.02,-118.4
41.88,-87.62
40.97,-77.73
51.54,0.65
43.65,-79.38
42.36,-71.06
53.48,-2.25
51.46,-0.97
40.65,-76.35
43.66,-70.25
29.54,-95.02
44.26,-72.58
40.34,-79.75
46.1,-64.8
46.1,-64.8
51.51,-0.13
43.66,-70.25
42.38,-71.42
42.36,-71.06
19.35,-99.17
28.54,-81.38
36.17,-115.15
N/A,N/A
36.1,-79.51
37.8,-122.27
27.34,-82.53
39.1,-84.51
39.1,-84.51
51.51,-0.13
51.51,-0.13
40.07,-74.86
55.67,10.33
51.51,-0.13
33.45,-112.07
9.62,-84.6
9.62,-84.6
9.52,-84.45
N/A,N/A
43.16,-77.62
31.53,34.87
46.14,-122.93
33.6,-117.66
N/A,N/A
53.78,-8.1
27.04,-82.24
39.34,-74.58
43.21,-71.54
39.29,-76.61
38.89,-77.04
38.71,-9.14
38.71,-9.14
N/A,N/A
37.06,-120.85
28.85,-81.71
35.47,-81.25
6.19,-75.58
41.08,-111.65
37.27,-76.71
39.82,-74.15
39.78,-100.45
39.78,-100.45
39.75,-122.19
47.6,-122.33
-31.43,152.91
29.76,-95.37
32.78,-96.8
32.78,-96.8
29.65,-82.32
41.51,-82.02
33.61,-111.72
30.69,-88.04
39.29,-76.61
9.99,-84.07
41.5,-85.82
42.31,-71.44
46.5,-87.61
35.23,-80.84
39.01,-77.02
39.01,-77.02
33.77,-116.5
44.98,-93.27
42.36,-71.06
35.78,-78.64
52.37,4.89
30.36,-90.07
33.81,-84.24
29.42,-98.5
52.37,4.89
38.65,-90.24
38.65,-90.24
34.23,-77.94
41.49,-91.43
N/A,N/A
N/A,N/A
29.55,-81.22
34.05,-118.24
36.07,-79.79
34.05,-118.24
49.9,-97.14
28.54,-81.38
51.92,4.48
51.75,-1.26
N/A,N/A
39.29,-76.61
43.65,-79.38
40.44,-79.99
35.6,-82.55
5.34,-72.4
27.77,-82.67
34.05,-118.24
39.08,-77.15
29.76,-95.37
45.5,-73.57
5.34,-72.4
33.16,-95.22
40.71,-74.01
39.52,-76.94
40.71,-74.01
N/A,N/A
37.78,-122.42
45.5,-73.57
41.88,-87.62
41.85,-87.88
35.08,-106.65
35.08,-106.65
36.17,-115.15
52.08,5.13
45.5,-73.57
35.91,-79.08
N/A,N/A
34.05,-118.24
41.88,-87.62
51.7,-0.03
28.15,-82.46
28.15,-82.46
27.76,-81.46
39.52,-76.94
43.11,-87.9
37.1,-85.31
52.23,21.07
52.23,-0.9
27.41,-82.39
40.8,-74.24
42.28,-87.95
42.28,-87.95
33.7,-117.96
40.17,-105.1
41.88,-87.62
41.88,-87.62
34.05,-118.24
8.97,-79.53
13.21,120.61
N/A,N/A
40.1,-83.11
40.1,-83.11
36.83,-3.52
52.41,-1.51
41.38,2.18
41.38,2.18
52.37,9.74
46.39,-79.25
46.39,-79.25
42.73,-71.19
43.19,-88.73
35.48,-79.18
40.72,-74.05
39.46,-76.82
41.48,-91.12
38.88,-77.09
40.08,-74.4
42.33,-122.87
51.51,-0.13
51.51,-0.13
59.44,24.75
27.95,-82.46
40.71,-74.01
42.96,-85.67
30.27,-97.74
39.74,-84.64
39.74,-84.64
38.65,-90.24
38.65,-90.24
35.06,-89.4
32.3,-110.92
N/A,N/A
37.27,-76.71
46.36,-94.2
40.44,-79.99
40.44,-79.99
52.37,4.89
52.37,4.89
49.16,-123.14
32.78,-96.8
32.78,-96.8
36.91,-111.46
59.92,30.38
59.92,30.38
52.23,-0.9
32.72,-117.16
29.69,-95.21
40.33,-80.04
56.79,-4.11
27.34,-82.53
51.89,0.9
33.03,-97.09
33.03,-97.09
N/A,N/A
38.89,-77.04
37.27,-80.02
37.05,-121.99
61.07,-107.99
38.73,-9.25
29.19,-82.14
39.29,-76.61
39.29,-76.61
36.17,-115.15
7.94,98.35
44.65,-63.59
44.65,-63.59
43.41,-70.57
42.31,-122.97
42.31,-122.97
50.11,8.68
50.11,8.68
N/A,N/A
51.51,-0.13
33.45,-112.07
28.54,-81.38
51.37,-0.1
41.56,-73.6
41.56,-73.6
34.57,-105.99
34.57,-105.99
32.78,-96.8
28.86,-13.84
42.33,-83.05
42.33,-83.05
40.13,-79.43
41.31,-81.44
40.08,-74.4
42.33,-83.05
42.87,-71.37
44.98,-93.27
48.43,-123.36
40.89,-74.04
N/A,N/A
29.62,-95.63
43.16,-77.62
N/A,N/A
42.99,-79.25
42.81,-73.94
33.04,-117.29
33.04,-117.29
41.32,-70.14
51.62,-1.7
44.65,-63.59
61.07,-107.99
51.51,-0.13
51.51,-0.13
-37.81,144.96
49.87,8.65
51.62,-3.95
41.65,-72.73
40.71,-74.01
52.06,-2.72
51.59,4.78
52.37,4.89
51.62,-3.95
40.24,-75.28
N/A,N/A
35.08,-106.65
45.5,-73.57
50,-86
48.43,-123.36
27.45,-80.33
32.5,-116.96
51.51,-0.13
40.71,-74.01
40.71,-74.01
43.06,-88.11
34.34,-84.38
36.16,-85.5
35.27,-80.44
40.76,-82.52
42.45,18.54
38.89,-77.04
33.15,-96.82
44.44,-73.07
45.5,-73.57
26.12,-80.14
42.96,-85.67
N/A,N/A
32.09,34.78
41.88,-87.62
45.5,-73.57
42.27,-83.73
32.72,-117.16
45.61,-73.73
50.45,-104.62
51.24,-0.57
N/A,N/A
41.47,2.08
41.47,2.08
50.45,-104.62
53.02,-2.18
52.34,-0.18
N/A,N/A
33.38,-79.29
53.3,-1.48
50.78,-0.67
10.42,-75.53
N/A,N/A
19.36,98.44
48.91,8.25
40.76,-111.89
45.43,-73.87
51.51,-0.13
47.44,-122.28
33.75,-117.87
N/A,N/A
32.7,-97.11
5.34,-72.4
5.34,-72.4
40.71,-74.01
45.42,-75.69
N/A,N/A
43.66,-70.25
36.29,-82.48
50.78,-0.67
41.12,-85.18
56.02,-87.68
52.14,-0.47
29.76,-95.37
51.69,13.24
38.88,-77.09
25.27,55.29
45.5,-73.57
41.51,-82.02
28.19,-82.37
40.33,-86.17
38.98,-76.32
39.76,-84.19
43.1,-88.4
40.63,-79.97
41.45,-70.6
42.48,-87.82
42.48,-87.82
44.43,-89.69
51.22,-2.17
49.9,-97.14
49.9,-97.14
34.1,-117.58
34.1,-117.58
33.45,-112.07
34.15,-118.81
34.15,-118.81
44.43,-89.69
47.06,7.07
47.06,7.07
34.14,-117.87
46.77,-92.13
50.28,-107.8
30.81,-93.74
51.77,-0.29
26.01,-80.15
41.51,-81.69
40.08,-89.43
42.87,-73.77
30.27,-97.74
42.87,-73.77
25.79,-80.14
39.78,-100.45
41.03,-73.76
28.09,-82.76
40.08,-74.4
34.39,-118.54
43.03,-87.92
43.03,-87.92
34.23,-77.94
41.88,-87.81
47.6,-122.33
37.79,-122.36
36.75,-98.36
N/A,N/A
44.51,-88.01
N/A,N/A
39.96,-86.02
39.78,-100.45
48.65,-122.82
52.27,-113.82
49.9,-97.14
55.53,-106.14
33.95,-84.55
41.03,-111.9
30.61,-81.46
30.61,-81.46
44.06,-121.32
9.33,-83.57
33.45,-112.07
N/A,N/A
45.28,-66.06
31.24,-89.87
40.71,-74.01
40.71,-74.01
40.71,-74.01
56.15,10.21
45.63,-73.81
40.22,-74.01
40.22,-74.01
46.95,7.45
38.56,-100.72
50.9,-1.4
55.95,-3.19
30.08,-95.42
40.71,-74.01
48.65,-122.82
53.35,-6.26
22.89,-109.92
38.73,-105.61
N/A,N/A
38.89,-77.04
33.35,-111.79
31.82,-99.51
5.34,-72.4
34.31,-78.15
40.08,-89.43
44.51,-88.01
51.05,-114.07
33.49,-111.93
42.91,-88.14
N/A,N/A
N/A,N/A
49.89,-119.5
20.3,-103.26
28.83,-82.5
29.76,-95.37
45.26,-74.13
39.61,-105.02
39.61,-105.02
32.72,-117.16
39.61,-105.02
24.56,-81.77
42.59,-82.81
51.43,6.88
51.43,6.88
34.05,-118.24
43.48,-85.96
36.16,-86.77
49.9,-97.14
52.27,-113.82
49.16,-123.94
49.16,-123.94
25.98,-80.15
34.05,-118.24
44.93,-93.41
40.17,-74.99
52.95,-1.15
59.91,10.74
40.71,-74.01
45.52,-122.67
33.04,-117.29
45.42,-75.69
45.42,-75.69
45.42,-75.69
45.42,-75.69
39.2,-86.54
39.2,-86.54
33.75,-117.83
28.04,-81.95
42.26,-71.8
42.26,-71.8
41.88,-88.07
40.71,-74.01
41.88,-88.07
9.41,-84.06
42.38,-76.39
29.95,-90.07
5.34,-72.4
42.38,-72.03
43.83,-91.76
43.83,-91.76
43.65,-79.38
40.22,-82.88
35.48,-80.86
50.65,-1.2
N/A,N/A
42.73,-84.56
50.83,3.27
35.45,-82.17
45.5,-73.57
43.9,-70.47
52.95,-1.15
33.45,-112.07
34.3,-108.13
9.93,-84.08
9.93,-84.08
9.93,-84.08
38.55,-121.74
38.98,-76.32
40.65,-73.95
40.44,-79.99
40.12,-88.24
34.05,-118.24
50.85,4.35
34.05,-118.24
40.01,-75.23
45.5,-73.57
40.71,-74.01
26.12,-80.14
35.35,-120.38
39.66,-74.17
N/A,N/A
53.35,-6.26
53.35,-6.26
42.98,-81.25
43.9,-78.86
43.9,-78.86
39.75,-75.55
40.18,-74.58
40.18,-74.58
37.94,-121.94
37.94,-121.94
53.69,-1.3
44.77,-93.28
N/A,N/A
27.76,-81.46
9.93,-84.08
55.8,-4.39
N/A,N/A
43.65,-79.38
37.18,-79.62
37.18,-79.62
43.65,-79.38
N/A,N/A
38.89,-77.04
34.39,-118.54
40.71,-74.01
41.28,-91.36
26.01,-80.15
41.55,-71.47
41.55,-71.47
N/A,N/A
33.37,-111.43
53.54,-113.51
26.36,-80.08
34.15,-118.14
28.54,-81.38
33.52,-86.8
41.02,-74.24
41.46,-81.51
41.46,-81.51
38.98,-76.49
N/A,N/A
N/A,N/A
41.04,-73.92
37.78,-122.42
45.5,-73.57
40.13,-74.03
47.6,-122.33
9.93,-84.14
40.85,-74.2
48.86,2.35
18.3,42.73
38.93,-119.98
40.35,-74.66
40.35,-74.66
37.78,-122.42
37.34,-121.89
N/A,N/A
42.98,-81.25
59.44,24.75
N/A,N/A
43.27,-89.72
28.45,-80.53
53.95,-113.6
53.95,-113.6
20.67,-103.34
19.43,-99.13
47.61,-122.19
9.83,-85.34
40.08,-89.43
40.08,-89.43
28.81,-81.88
40.97,-72.19
42.16,-88.42
39.53,-119.81
N/A,N/A
N/A,N/A
32.33,-83.11
-33.85,151.22
29.76,-95.37
52.27,-113.82
17.09,-61.79
45.5,-73.57
40.25,-74.85
39.18,-77.31
34.12,-117.6
48.75,-122.48
34.12,-117.6
49.26,-123.11
37.78,-122.42
40.71,-74.01
40.97,-77.73
43.65,-79.38
35.05,-85.31
37.52,-82.81
43.65,-79.38
32.07,34.82
32.07,34.82
37.34,-121.89
33.78,-84.44
N/A,N/A
39.95,-75.16
30.27,-97.74
30.27,-97.74
53.72,-1.86
53.72,-1.86
34.15,-118.45
50.06,14.45
43.16,-75.84
29.42,-98.5
48.45,-114.34
42.33,-83.05
42.33,-83.05
9.93,-84.08
44.9,-92.78
30.27,-97.74
42.86,-70.93
40.71,-74.01
41.88,-87.62
30.17,-95.5
38.82,-90.87
41.88,-87.62
40.94,-73.11
55.61,13
36.16,-86.77
43.03,-87.92
39.91,-8.09
39.58,-104.88
27.1,-82.45
43.65,-79.38
41.88,-87.62
44.63,-1.08
32.72,-117.16
32.72,-117.16
44.94,-93.46
36.7,-118.76
35.23,-80.84
38.98,-77.12
35.23,-80.84
53.54,-113.51
52.21,-2.16
41.88,-87.62
47.61,-122.19
36.16,-95.99
54.7,-3.28
30.27,-97.74
51.51,-0.13
49.03,-118.44
41.88,-87.62
40.72,-74.36
40.72,-74.36
49.45,7.55
32.33,34.86
5.76,-73.38
56.95,24.11
47.97,-122.2
32.72,-117.16
32.72,-117.16
42.33,-83.05
43.48,-71.66
51.39,5.69
41.88,-87.62
41.88,-87.62
40.23,-82.69
40.72,-74.05
40.72,-74.05
51.05,-114.07
37.78,-122.42
8.74,-82.39
40.27,-76.89
40.27,-76.89
40.68,-95.86
52.52,13.39
N/A,N/A
N/A,N/A
40.84,-74.28
47.83,-122.31
34.26,-118.6
39.8,-89.64
30.27,-97.74
45.01,-93.47
61.22,-149.89
36.16,-86.77
N/A,N/A
52.52,13.39
N/A,N/A
44.03,-77.25
44.03,-77.25
60.45,22.27
51.45,-2.6
30.09,-94.1
37.98,-122.29
45.42,-75.69
30.27,-97.74
42.36,-71.06
47.6,-122.33
47.6,-122.33
50.85,4.35
37.78,-122.42
32.72,-117.16
32.72,-117.16
40.71,-74.01
40.71,-74.01
31.81,-85.97
34.05,-118.24
N/A,N/A
40.55,-74.47
42.24,-84.43
34.05,-118.24
29.92,-95.52
52.37,4.89
39.96,-83
36.16,-86.77
51.09,-115.35
38.25,-122.04
38.79,-121.24
41.26,-95.94
29.42,-98.5
33.78,-84.44
46.01,-73.35
39.58,-104.88
39.22,9.11
41.77,-88.15
39.58,-104.88
30.36,-90.07
38.58,-121.49
38.58,-121.49
32.72,-117.16
N/A,N/A
27.5,-81.44
25.77,-80.19
36.7,-118.76
36.7,-118.76
39.96,-86.02
39.96,-86.02
30.33,-81.66
30.33,-81.66
N/A,N/A
45.42,-75.69
51.5,3.61
51.5,3.61
30.33,-81.66
N/A,N/A
41.89,-71.11
35.6,-82.55
39.01,-77.02
39,-121.04
41.02,-74.21
5.34,-72.4
32.8,-97.27
N/A,N/A
36.7,-118.76
45.5,-73.57
45.5,-73.57
51.75,-0.34
N/A,N/A
30.27,-97.74
51.51,-0.13
26.36,-80.08
N/A,N/A
42.27,-83.73
43.26,-79.87
39.8,-89.64
-28.71,-49.3
32.79,-79.94
32.79,-79.94
35.96,-83.92
41.18,-75.42
55.95,-3.19
32.35,-95.3
49.38,8.57
38.58,-121.49
20.14,-75.2
42.16,-78.72
33.82,-116.51
40.92,-73.07
51.51,-0.13
37.36,-118.4
N/A,N/A
N/A,N/A
59.1,5.71
-17.83,31.05
N/A,N/A
N/A,N/A
52.16,5.4
52.16,5.4
9.92,-84.19
41.01,-73.95
41.48,-87.45
28.55,-81.77
48.86,2.35
9.93,-84.08
36.71,-119.56
N/A,N/A
37.78,-122.42
32.44,-97.79
40.72,-73.86
9.98,-85.65
37.57,-85.16
37.55,-121.99
51.38,-2.36
38.25,-85.76
32.78,-96.8
22.44,114.03
33.49,-111.93
9.62,-84.6
38.65,-90.24
47.2,13.2
25.24,55.2
25.24,55.2
28.54,-81.38
33.18,-97.14
0.35,-79.57
0.35,-79.57
45.63,-122.67
33.76,-117.89
46.2,6.15
46.2,6.15
52.08,5.13
52.08,5.13
34.05,-118.24
33.75,-117.87
43.65,-79.38
36.31,-95.62
41.88,-87.62
N/A,N/A
1.36,103.82
30.27,-97.74
1.36,103.82
30.31,-89.33
37.05,-121.99
30.27,-97.74
N/A,N/A
39.42,-77.41
9.93,-84.08
30.36,-90.07
30.36,-90.07
33.77,-116.5
44.65,-63.59
37.78,-122.42
27.95,-82.46
27.95,-82.46
26.36,-80.08
41.88,-87.62
34.61,-120.1
38.95,-119.77
37.78,-122.42
40.44,-79.99
40.44,-79.99
32.78,-96.8
34.02,-118.4
41.88,-87.62
50.82,-0.14
60.17,24.94
40.51,-111.41
43.88,-91.23
9.98,-84.4
33.15,-96.82
29.49,-98.66
45.5,-73.57
N/A,N/A
40.08,-74.4
49.26,-123.11
46.2,6.15
41.59,-93.6
41.59,-93.6
32.17,34.83
51.51,-0.13
34.75,-86.97
25.77,-80.19
9.93,-84.08
55.67,12.55
33.45,-112.07
40,-75.27
40.71,-74.01
43.11,-87.9
9.41,-84.16
N/A,N/A
43.65,-79.38
34.85,-82.4
33.01,-83.9
33.83,-118.25
33.83,-118.25
42.27,-122.82
42.36,-71.06
30.27,-97.74
30.27,-97.74
39.1,-76.87
39.1,-76.87
40.71,-74.01
47.6,-122.33
34.05,-118.24
35.05,-85.31
35.05,-85.31
35.6,-82.55
26.66,-80.24
35.18,-111.62
35.18,-111.62
35.08,-106.65
51.57,-3.99
45.72,-65.51
45.72,-65.51
25.68,-100.32
35.23,-80.84
40.71,-74.01
N/A,N/A
25.77,-80.19
N/A,N/A
50.81,-0.98
50.81,-0.98
38.77,-75.14
61.07,-107.99
45.42,-75.69
40.71,-74.01
27.5,-82.57
25.68,-100.32
50.9,-1.4
48.21,16.37
34.05,-118.24
33.4,-110.79
37.78,-122.42
42.87,-73.77
42.87,-73.77
43.45,-79.67
43.16,-77.62
27.34,-82.53
27.34,-82.53
39.95,-75.16
38.88,-77.09
41.67,-86.16
50.05,20
47.6,-122.33
33.78,-84.44
33.78,-84.44
42.36,-71.06
N/A,N/A
40.71,-74.01
30.27,-97.74
30.27,-87.69
50.06,14.45
30.54,-97.55
40.01,-105.27
40.01,-105.27
29.62,-95.63
52.5,5.75
41.88,-87.62
25.82,-80.36
25.82,-80.36
41.94,-79.98
45.42,-75.69
25.77,-80.19
28.07,-80.56
50.85,4.35
9.91,-83.99
32.9,-97.54
54.97,-1.61
30.27,-97.74
N/A,N/A
40.52,-111.86
40.52,-111.86
38.97,-77.39
35.78,-78.64
33.68,-118
39.25,-97.34
34.87,-111.76
43.16,-77.62
41.88,-87.62
30.27,-97.74
40.74,-94.25
29.76,-95.37
29.76,-95.37
44.98,-93.27
42.87,-73.77
38.89,-77.04
N/A,N/A
39.96,-83
41.28,-73.5
43.48,-71.66
-37.81,144.96
-37.81,144.96
40.79,-74.01
38.71,-9.14
39.29,-76.61
39.29,-76.61
30.27,-97.74
35.46,-94.79
N/A,N/A
55.69,12.57
55.69,12.57
34.39,-118.54
21.3,-157.86
32.09,34.78
33.69,-117.83
43.78,7.5
43.78,7.5
32.72,-117.16
29.76,-95.37
39.1,-84.51
29.76,-95.37
42.36,-71.06
31.82,-101.05
39.08,-77.15
39.51,-84.74
50.44,-3.56
29.42,-98.5
29.53,-95.2
37.29,-121.94
40.71,-74.01
34.39,-118.54
33.72,-117.42
30.33,-81.66
30.33,-81.66
N/A,N/A
37.72,-121.43
26.32,-80.1
27.75,-82.7
33.68,-118
-33.85,151.22
35.23,-80.84
10.27,-84.07
32.97,-89.73
33.75,-117.83
41.06,-74.75
39.29,-76.61
38.89,-77.04
30.52,-86.48
-42.04,146.64
39.78,-100.45
28.54,-81.38
28.54,-81.38
26.12,-80.14
42.61,-71.23
40.89,-111.9
33.43,-117.61
32.9,-93.7
34.15,-118.14
39.62,-105.08
33.78,-84.44
25.77,-80.19
N/A,N/A
40.11,-88.21
14.62,-90.52
30.33,-81.66
35.04,-89.66
N/A,N/A
39.92,-105.07
38.58,-121.49
41.38,2.18
51.51,-0.13
46.1,-64.8
12.53,-70.04
44.95,-93.09
38.88,-77.17
26,-80.22
N/A,N/A
35.18,-83.38
39.75,-75.55
40.55,-105.07
40.55,-105.07
32.79,-79.94
44.83,-93.32
43.65,-79.38
30.27,-97.74
47.56,7.59
37.55,-121.99
34.15,-118.14
52.71,-2.75
47.66,-117.42
N/A,N/A
45.5,-73.57
53.54,-113.51
42.27,-89.09
26.93,-80.09
42.48,-83.48
50.74,-1.86
28.54,-81.38
28.54,-81.38
38.69,-75.4
33.74,-118.11
47.6,-122.33
33.97,-83.6
33.97,-83.6
38.89,-77.04
13.75,100.49
31.53,34.87
-21.9,-46.91
N/A,N/A
29.69,-95.9
27.89,-82.85
33.49,-111.93
6.19,-75.58
34.05,-118.24
35.28,-86.37
35.28,-86.37
34.05,-118.24
34.05,-118.24
33.78,-84.44
33.78,-84.44
N/A,N/A
38.09,-83.13
52.23,21.07
40.44,-79.99
36.73,-119.71
37.78,-122.42
35.6,-82.55
45.5,-73.57
30.27,-97.74
51.51,-0.13
37.17,-94.85
51.51,-0.13
29.76,-95.37
42.13,-80.09
41.3,-72.93
N/A,N/A
32.79,-79.79
39.02,-77.2
40.71,-74.01
40.49,-74.45
41.22,-73.05
39.19,-76.86
32.52,35
32.94,-96.38
41.88,-87.62
35.8,-81.43
36.91,-121.75
N/A,N/A
41.58,-81.2
28.67,-81.21
38.43,-81.48
29.76,-95.37
30.4,-90.16
N/A,N/A
35.78,-78.64
42.26,-88.14
41.53,-88.08
44.33,-68.24
36.7,-118.76
34.05,-118.24
10.09,-84.3
51.23,6.78
43.03,-87.92
29.9,-81.41
44.1,-72.97
36.16,-86.77
40.71,-74.01
55.75,37.62
N/A,N/A
N/A,N/A
25.77,-80.19
35.91,-79.06
43.62,-116.2
41.65,-83.54
38.89,-77.04
37.58,-122.37
36.03,-114.98
38.75,-121.29
38.75,-121.29
N/A,N/A
N/A,N/A
41.88,-87.62
41.72,-83.71
51.95,-0.28
29.56,-95.29
43.65,-79.38
12.43,-86.88
43.07,-70.75
43.07,-70.75
33.21,-87.57
18.47,-66.12
40.52,-111.86
37.98,-87.45
43.59,-79.64
9.93,-84.08
41.88,-87.62
29.76,-95.37
40.31,-105.08
40.31,-105.08
26.36,-80.08
40.76,-111.89
39.06,-108.55
-33.82,151.17
32.78,-96.8
38.65,-90.24
39.46,-77.96
33.75,-117.87
35.21,-101.83
27.75,-97.4
27.75,-97.4
N/A,N/A
38.97,-94.69
33.75,-84.39
39.29,-76.61
42.45,-83.8
9.93,-84.08
N/A,N/A
40.71,-74.01
40.71,-74.01
35.78,-78.64
40.48,-88.99
40.48,-88.99
43.65,-79.38
41.88,-87.62
40.71,-74.01
42.36,-71.06
51.6,-1.13
51.6,-1.13
35.18,-111.62
42.36,-71.06
37.5,-122.33
38.89,-77.04
27.95,-82.46
32.78,-96.8
40.7,-74.26
37.27,-107.01
29.42,-98.5
47.6,-122.33
29.76,-95.37
45.63,-122.67
40.48,-106.83
38.89,-77.04
40.65,-73.95
39.76,-84.19
26.12,-80.14
38.89,-77.04
39.69,-75.75
-33.85,151.22
-36.85,174.76
38.89,-77.04
27.95,-82.46
40.65,-73.95
40.65,-73.95
37.02,-7.94
9.93,-84.08
9.93,-84.08
53.91,-122.75
32.3,-64.78
41.01,28.97
9.93,-84.08
32.78,-96.8
32.78,-96.8
38.99,-94.63
45.5,-73.57
34.05,-118.24
48.35,27.4
44.96,-124.02
34.05,-118.24
10.34,-85.85
48.86,2.35
48.86,2.35
49.19,-122.85
48.2,-114.32
48.2,-114.32
32.22,-110.97
36.4,-93.74
42.89,-78.88
42.89,-78.88
40.44,-79.99
40.43,-75.53
50.71,-2.44
52.54,-1.05
41.88,-87.62
43.62,-116.2
28.61,77.21
28.61,77.21
43.65,-79.38
29.79,-95.82
26.24,-80.12
30.27,-97.74
49.16,-123.94
33.75,-116.97
41.51,-81.69
37.34,-121.89
51.29,-114.01
35.15,-90.05
35.15,-90.05
40.08,-82.81
46.27,-73.77
39.1,-94.58
N/A,N/A
37.78,-122.42
37.78,-122.42
37.78,-122.42
37.78,-122.42
46.28,-119.28
41.88,-87.62
38.71,-9.14
38.89,-77.04
30.27,-97.74
40.29,-74.33
40.29,-74.33
40.71,-74.01
32.09,34.78
45.5,-73.57
45.5,-73.57
30.33,-81.66
35.23,-80.84
40.71,-74.01
40.71,-74.01
39.96,-83
51.05,-114.07
39.02,-77.2
39.91,116.39
9.92,-84.14
40.71,-74.01
40.82,-73.47
40.82,-73.47
30.27,-97.74
N/A,N/A
N/A,N/A
N/A,N/A
39.29,-76.61
N/A,N/A
32.72,-117.16
N/A,N/A
38.93,-74.92
9.6,-85.09
27.53,-82.73
40.41,-74.98
47.66,-117.42
47.66,-117.42
27.95,-82.46
5.34,-72.4
60.5,9.1
43.17,-107.57
28.84,-82.33
28.84,-82.33
41.88,-87.62
35.47,-97.52
33.77,-116.5
53.54,-113.51
38.31,-85.85
42.89,-78.88
44.98,-93.27
33.88,-117.57
9.41,-84.16
25.47,-80.48
39.95,-75.16
39.95,-75.16
32.72,-117.16
N/A,N/A
29.58,-95.76
48.43,-123.36
33.45,-112.07
33.01,-96.69
33.01,-96.69
51.51,-0.13
43.23,-86.25
38.25,-85.76
49.9,-97.14
40.67,-73.47
38.89,-77.04
39.16,-119.77
38.05,-84.5
43.65,-79.38
41.51,-81.69
30.06,-81.9
30.06,-81.9
43.98,-120.74
49.89,-119.5
-0.9,11.69
N/A,N/A
44.98,-93.27
44.81,-93.79
42.33,-122.87
49.26,-123.11
45.5,-73.57
8.56,-81.13
5.34,-72.4
29.76,-95.37
32.78,-96.8
9.85,-84.31
44.51,-74.89
10.3,-85.84
35.15,-90.05
35.66,-97.46
49.8,-95.13
32.79,-79.94
35.23,-80.84
45.4,-71.89
50.45,-104.62
38.05,-84.5
41.83,-87.87
40.08,-74.4
39.95,-75.16
44.48,-73.21
45.5,-73.57
28.09,-82.76
41.76,-88.05
41.76,-88.05
52.75,0.4
40.55,-105.07
40.71,-74.01
45.38,-65.97
10.22,-84.57
51.09,-115.35
N/A,N/A
42.56,-71.27
51.51,-0.13
9.93,-84.08
40.82,-73.12
30.23,-93.22
30.23,-93.22
40.35,-111.9
42.98,-81.25
37.78,-122.42
19.43,-99.13
42.36,-71.06
41.08,29.01
49.9,-97.14
39.19,-76.86
39.19,-76.86
43.62,-116.2
43.16,-77.62
39.1,-84.51
40.4,-105.07
9.62,-84.6
41.32,-93.11
38.27,-98.58
40.76,-111.89
38.89,-77.04
37.65,-122.42
10.38,-84.01
42.77,-71.44
27.95,-82.46
47.6,-122.33
43.95,-78.29
51.51,-0.13
43.64,-70.24
45.52,-122.99
39.63,19.92
41.01,28.97
39.63,19.92
44.54,-78.54
34.14,-118.64
30.42,-87.22
33.01,-96.69
50.85,5.69
44.33,-73.11
45.5,-73.57
36.99,-86.44
48.86,2.35
41.32,-93.11
40.55,-74.47
45.5,-73.57
45.5,-73.57
53.54,-113.51
38.45,-78.87
38.45,-78.87
46.05,14.51
33.78,-84.44
32.7,-97.11
34.1,-118.3
34.1,-118.3
5.76,-73.38
41.23,-80.49
41.23,-80.49
50.73,-3.53
38.65,-90.24
43.48,-71.66
45.5,-73.57
36.1,-80.24
32.72,-117.16
32.72,-117.16
50.78,5.98
36.16,-95.99
30.27,-97.74
51.05,-114.07
39.61,-105.02
32.22,-110.97
36.6,-4.64
43.65,-79.38
43.65,-79.38
38.03,-78.48
38.03,-78.48
44.64,-73.11
34.75,-92.29
51.51,-0.13
53.54,-113.51
34.07,-118.4
42.1,-72.08
40.71,-74.01
49.26,-123.11
33.77,-116.5
39.95,-75.16
40.12,-88.24
33.45,-112.07
28.54,-81.38
53.23,-0.54
40.99,-73.88
39.42,-77.41
39.1,-84.51
42.49,-83.38
N/A,N/A
43.91,-66.1
5.76,-73.38
25.29,51.53
33.04,-117.29
45.42,-75.69
52.95,-1.15
9.41,-84.16
N/A,N/A
39.1,-94.58
39.1,-94.58
49.16,-123.94
40.71,-74.01
41.51,-81.69
41.51,-81.69
40.99,-73.88
35.79,-83.55
44.99,-92.96
40.71,-74.01
42.36,-71.06
42.36,-71.06
46.13,-67.84
28.54,-81.38
32.14,-81.2
55.53,-106.14
46.6,1.89
16,121.75
38.05,-122.16
42.36,-71.06
N/A,N/A
31.4,-88.2
40.95,-74.07
43.01,-88.23
41.07,-73.54
40.35,-75.13
36.17,-115.15
61.22,-149.89
25.82,-80.36
30.27,-97.74
30.27,-97.74
33.49,-111.93
N/A,N/A
37.96,-121.29
34.62,-118.29
29.89,-81.31
29.89,-81.31
52.32,-112.71
51.51,-0.13
39.29,-76.61
49.26,-123.11
41.53,-90.51
43.03,-83.52
28.54,-81.38
38.23,-122.64
N/A,N/A
N/A,N/A
40.16,-83.08
51.05,-114.07
47.81,-122.38
26.12,-80.14
29.1,-80.94
29.42,-98.5
55.42,12.24
40.71,-74.01
40.71,-74.01
53.38,-1.47
44.43,-89.69
35.96,-83.92
45.5,-73.57
45.5,-73.57
35.96,-83.92
33.49,-80.86
39.02,-77.2
30.33,-81.66
34.05,-118.24
40.71,-74.01
40.95,-90.37
40.95,-90.37
20.89,-156.67
20.89,-156.67
41.65,-72.73
33.68,-118
49.77,-119.75
38.97,-94.78
33.49,-111.93
33.49,-111.93
56.23,-117.32
40.57,-111.84
51.75,-0.34
51.75,-0.34
48.43,-123.36
10.3,-85.84
41.13,-101.13
45.42,-75.69
49.9,-97.14
40.71,-74.01
47.6,-122.33
56.67,12.86
56.67,12.86
32.72,-117.16
32.72,-117.16
34.05,-118.24
33.78,-84.44
35.93,-86.87
34.02,-118.4
34.02,-118.4
44.51,-84.77
43.08,-70.79
53.96,-1.08
40.42,-86.88
N/A,N/A
34.05,-118.24
49.2,-123.19
49.2,-123.19
26.83,-82.26
51.51,-0.13
57.15,-2.09
30.27,-97.74
47.37,8.54
43.65,-79.38
5.34,-72.4
38.65,-90.24
27.1,-82.45
34.05,-118.24
48,-97.87
35.91,-79.06
37.58,-122.37
32.72,-117.16
47.6,-122.33
39.78,-100.45
39.78,-100.45
42.44,-76.5
57.15,-2.09
41.88,-87.62
28.54,-81.38
41.73,-111.83
32.78,-96.8
39.1,-94.58
29.76,-95.37
41.28,-73.71
41.74,-71.31
45.99,-94.61
45.99,-94.61
51.13,1.31
27.77,-82.67
32.72,-117.16
42.42,-71.13
32.96,-117.27
32.78,-96.8
43.65,-79.38
48.21,16.37
41.88,-87.62
41.88,-87.62
32.78,-96.8
42.43,-83.48
N/A,N/A
27.95,-82.46
49.2,-123.19
40.71,-74.01
37.78,-122.42
42.08,-87.72
42.08,-87.72
27.8,-82.8
51.51,-0.13
41.12,-85.18
42.36,-71.06
29.89,-81.31
42.36,-71.06
42.93,-88.84
37.44,-122.16
42.27,-83.73
35.08,-106.65
40.52,-3.77
49.26,-123.11
44.32,-79.89
44.32,-79.89
43.29,-72.79
38.58,-121.49
9.25,-83.86
33.78,-84.44
32.72,-117.16
52.13,-106.66
27.75,-97.4
39.95,-75.16
40.71,-74.01
40.71,-74.01
37.8,-122.27
42.95,-79.84
44.65,-100.35
39.16,-76.55
33.77,-116.5
34.83,-82.58
34.83,-82.58
51.06,-0.33
47.53,-121.83
52.08,5.13
39.18,-96.57
41.88,-87.62
41.88,-87.62
45.52,-122.67
45.52,-122.67
5.34,-72.4
32.78,-96.8
13.15,-59.53
51.51,-0.13
37.33,-119.66
38.44,-76.74
38.94,-119.75
55.75,37.62
33.86,-83.41
50.06,14.45
33.86,-83.41
N/A,N/A
N/A,N/A
38.89,-77.04
38.71,-9.27
38.71,-9.27
5.34,-72.4
26.14,-81.79
41.57,-72.49
25.79,-80.14
36.41,-105.57
6.13,-75.38
44.54,-78.54
43.61,3.88
20.99,-101
34.05,-118.24
40.71,-74.01
47.92,-122.09
32.78,-96.8
33.45,-112.07
32.14,-81.2
40.65,-73.95
43.7,-116.35
39.29,-76.61
33.38,-79.29
-36.6,144.68
38.83,-104.83
54.9,-1.53
N/A,N/A
27.9,-81.84
45.52,-122.67
27.77,-82.67
33.78,-84.44
41.38,2.18
44.02,-92.46
33.7,-78.89
33.7,-78.89
41.76,-88.05
59.91,10.74
42.77,-71.44
52.37,4.89
27.29,-80.35
40.08,-74.4
40.08,-74.4
25.98,-80.15
40.48,-88.99
38.38,-81.81
28.67,-81.21
41.07,-73.54
41.07,-73.54
27.95,-82.46
48.41,2.73
52.52,13.39
28.54,-81.38
51.51,-0.13
43.65,-79.38
32.75,-97.33
34.05,-118.24
5.34,-72.4
51.24,-0.57
27.76,-81.46
33.75,-117.83
43.62,-116.2
N/A,N/A
40.55,-74.47
36.16,-86.77
45.52,-122.67
43.65,-79.38
39.95,-75.16
34.17,-118.91
9.41,-84.06
33.75,-117.83
37.78,-122.42
32.39,-96.84
9.17,-83.74
32.83,-117.27
29.76,-95.37
33.77,-118.19
44.3,-78.32
27.95,-82.46
27.41,-82.39
27.97,-82.8
N/A,N/A
N/A,N/A
40.62,-74.24
25.77,-80.19
35.49,134.22
51.24,-0.57
N/A,N/A
28.54,-81.38
14.56,-90.73
51.05,-114.07
37.78,-122.42
38.88,-77.09
42.49,-83.38
47.6,-122.33
28.54,-81.38
42.36,-71.06
38.94,-76.73
38.94,-76.73
36.08,-79.17
39.29,-76.61
55.83,-3.08
36.7,-118.76
40.2,-74.41
30.27,-97.74
30.36,-87.17
5.34,-72.4
27.95,-82.46
34.05,-118.24
35.01,-85.25
N/A,N/A
49.2,-123.19
4.63,-74.11
38.89,-77.04
34.35,-82.93
38.89,-77.04
38.89,-77.04
40.16,-76.31
33.77,-118.19
37.9,-122.06
37.54,-77.43
30.33,-81.66
48.11,-1.68
51.51,-0.13
33.62,-117.93
40.44,-79.99
29.76,-95.37
33.69,-117.83
26,-80.22
42.5,-90.66
42.31,-71.44
42.24,-88.32
5.34,-72.4
10.46,-84.47
53.38,-6.61
40.82,-73.12
40.82,-73.12
37.14,-92.27
34.06,-117.18
39.12,-77.16
42.61,-83.15
-34.61,-58.44
33.35,-111.79
33.35,-111.79
51.51,-0.13
51.51,-0.13
36.7,-118.76
32.36,-88.7
51.28,1.08
49.38,10.18
51.28,1.08
51.51,-0.13
54.33,-2.75
42.7,23.32
26.12,-80.14
5.34,-72.4
34.05,-118.24
41.88,-87.62
42.26,-87.84
32.78,-96.8
9.47,-83.6
35.63,-120.69
10.38,-84.01
32.39,-110.97
33.24,-96.79
37.78,-122.42
30.42,-87.22
40.51,-75.67
25.77,-80.19
33.45,-112.07
33.45,-112.07
37.08,22.42
31.19,29.94
38.89,-77.04
9.37,-83.7
26,-80.22
43.11,-79.06
30.04,31.56
34.05,-118.24
31.82,-99.51
42.25,-71.18
29.95,-90.07
40.08,-74.4
30.17,-95.5
33.38,-84.8
9.93,-84.08
9.93,-84.08
36.7,-118.76
N/A,N/A
26.53,-80.07
30.27,-97.74
42.36,-71.06
10.63,-85.44
29.42,-98.5
41.91,-88.6
29.76,-95.37
29.76,-95.37
51.45,-2.6
33.68,-118
33.68,-118
25.75,-77.86
43.65,-79.38
43.65,-79.38
41.86,-88.11
33.89,-84.14
42.77,-71.47
50.37,-4.14
26.12,-80.14
30.67,-97.66
30.67,-97.66
33.78,-84.44
41.88,-87.62
35.08,-106.65
33.18,-97.14
32.37,-86.3
32.22,-110.97
25.77,-80.19
N/A,N/A
39.92,-105.07
N/A,N/A
42.26,-88
51.51,-0.13
46.8,8.23
37.78,-122.42
40.01,-105.27
51.45,-2.6
36.7,-118.76
53.48,-2.25
42.49,-83.14
9.41,-84.16
34.44,-77.53
12.24,109.19
33.78,-84.44
27.76,-81.46
4.73,-74.04
38.76,-121.16
32.83,-117.27
38.65,-90.24
42.49,-83.14
57.22,-2.76
35.6,-82.55
40.46,-74.36
47.05,-122.9
47.05,-122.9
40.58,-74.15
41.89,-88.31
49.61,6.13
32.78,-96.8
36.87,-87.84
49.26,-123.11
40.77,-73.53
10.09,-84.3
10.09,-84.3
44.98,-93.27
37.78,-122.42
37.78,-122.42
37.22,-93.29
39.96,-76.73
39.52,-76.94
44.23,-76.48
44.95,-93.09
32.22,-110.97
N/A,N/A
40.21,-77
33.78,-84.44
28.68,-80.85
39.74,-104.98
17.73,-64.76
42.89,-78.88
19.12,-70.64
39.62,-104.95
35.21,-101.83
61.07,-107.99
48.14,11.58
41.69,-93.79
44.95,-93.09
40.55,-105.07
32.78,-96.8
32.78,-96.8
40.33,-74.79
40.33,-74.79
28.93,-80.87
33.26,-86.83
33.26,-86.83
27.34,-82.53
32.78,-96.8
34.05,-118.24
34.05,-118.24
36.34,127.45
35.79,-78.78
35.79,-78.78
32.78,-96.8
39.95,-75.16
25.27,55.29
25.27,55.29
37.67,-122.08
45.5,-73.57
45.5,-73.57
43.65,-79.38
43.65,-79.38
29.65,-82.32
5.34,-72.4
10.38,-84.01
10.38,-84.01
30.33,-81.66
40.86,-74.16
33.52,-86.8
43.65,-79.38
43.65,-79.38
N/A,N/A
35.96,-80.01
49.2,-123.19
36.72,-76.25
40.76,-111.89
5.34,-72.4
33.35,-111.79
10.27,-84.07
49.26,-123.11
N/A,N/A
53.38,-1.47
53.38,-1.47
38.89,-77.04
46.52,-84.32
46.52,-84.32
21.8,-72.3
43.32,-76.42
38.36,-121.99
N/A,N/A
39.91,-100.79
44.02,-92.46
-2.9,-79
39.61,-105.02
N/A,N/A
32.75,-97.33
38.98,-77.12
33.81,-95.52
50.85,4.35
39.74,-104.98
42.83,-108.73
42.83,-108.73
33.49,-111.93
41.88,-87.62
44.19,-88.46
33.49,-111.93
32.78,74.34
51.09,-115.35
38.89,-77.04
51.5,-0.2
13.75,100.49
39.19,-76.86
47.05,-122.9
34.27,-118.75
53.54,-113.51
30.27,-97.74
53.54,-113.51
45.52,-122.67
51.51,-0.13
32.07,34.82
N/A,N/A
N/A,N/A
14.11,-87.2
51.67,-0.62
38.88,-77.09
56,-4.73
50.5,-116.03
41.88,-87.62
41.65,-70.48
32.72,-117.16
49.19,-122.85
41.88,-87.62
41.88,-87.62
19.33,-81.17
33.04,-117.29
42.5,-92.33
N/A,N/A
42.44,-81.88
42.24,-88.32
36.16,-86.77
N/A,N/A
10.65,-71.64
44.51,-88.01
42.36,-71.06
38.84,-77.44
51.66,-1.58
9.93,-84.08
37.56,-122.36
38.25,-85.76
51.51,-0.13
47.38,-122.23
37.78,-122.42
40.72,-74.05
45.17,-93.3
26.12,-80.14
40.44,-79.99
43.88,-91.23
40.71,-74.01
38.06,-78.49
43.65,-79.38
31.8,35.21
55.83,-3.08
47.6,-122.33
40.71,-74.01
25.77,-80.19
49.2,-123.19
N/A,N/A
42.86,-80.73
53.65,-3
37.78,-122.42
34.05,-118.24
43.59,-79.64
N/A,N/A
38.89,-77.04
40.66,-74.39
49.96,14.07
51.63,0.42
51.63,0.42
43.65,-79.38
40.76,-111.89
44.95,-93.09
51.51,-0.13
40.71,-74.01
40.44,-79.99
47.6,-122.33
9.41,-84.06
45.22,-72.51
33.78,-84.44
42.37,-72.51
32.39,-80.56
4.63,-74.11
44.77,-65.41
50.82,-0.14
40.31,-75.13
45.5,-73.57
33.45,-112.07
42.96,-85.67
43.65,-79.38
44.19,-88.46
40.42,-3.7
43.19,-88.73
N/A,N/A
43.65,-79.38
54.45,-1.32
44.65,-63.59
42.99,-89.53
42.96,-85.67
42.96,-85.67
40.65,-73.95
40.65,-73.95
50.4,-4.71
45.3,-122.97
43.88,-79.44
45.64,-89.41
45.42,-75.69
29.19,-82.14
32.72,-117.16
51.01,-3.1
N/A,N/A
40.98,-73.68
38.95,-76.94
39.55,-104.97
38.75,-90.65
50.7,-119.28
18.34,-65.72
35.15,-90.05
40.76,-111.89
42.98,-81.25
32.72,-117.16
35.91,-79.06
40.76,-111.89
41.65,-72.73
44.94,-123.03
43.52,-79.7
47.6,-122.33
40.59,-73.66
47.37,8.54
34.1,-118.11
42.14,-71.25
32.75,-97.33
49.61,-117.56
49.61,-117.56
38.44,-82.38
51.51,-0.13
31.19,29.94
42.29,-85.59
40.71,-74.01
39.74,-104.98
39.74,-104.98
51.05,-114.07
38.93,-74.92
33.45,-112.07
44.98,-93.27
41.08,-74.06
41.08,-74.06
27.94,-82.81
49.69,-112.85
42.65,-73.75
43.65,-79.38
39.08,-74.81
49.49,-119.59
39.18,-77.26
8.56,-81.13
12.49,-69.96
N/A,N/A
12.98,77.59
28.62,-81.39
50.78,6.08
39.52,-76.94
53.35,-6.26
32.96,-117.04
37.23,-121.68
46.14,-122.93
19.08,72.88
51.05,-114.07
51.89,0.9
55,-97
42.38,-72.03
34,-81.03
34,-81.03
N/A,N/A
43.48,-71.66
N/A,N/A
39.46,-76.82
53.12,-1.56
35.6,-82.55
9.62,-84.6
9.62,-84.6
43.55,-80.25
45.42,-75.69
42.36,-71.06
43.23,-79.98
45.42,-75.69
35.16,-120.67
40.71,-74.01
27.18,78.01
49.85,-100.93
38.83,-104.83
43.16,-77.62
40.71,-74.01
54.52,-128.6
39.87,-93.11
44.01,-77.14
40.71,-74.01
42.77,-71.47
54.5,8.88
33.92,-118.35
39.85,-88.95
52.08,4.31
52.08,4.31
44.05,-123.1
27.76,-81.46
27.76,-81.46
43.03,-87.92
30.27,-97.74
51.51,-0.13
37.05,-122.01
52.37,4.89
40.85,-73.1
51.66,-0.4
41.99,-88.69
55.69,12.57
55.69,12.57
41.51,-81.69
37.69,-97.34
51.51,-0.13
49.16,-123.94
44.65,-63.59
52.03,5.03
47.25,-122.44
34.22,-119.04
38.81,-77.05
9.41,-84.16
40.08,-74.4
34.29,-114.14
47.33,-122.59
39.77,-86.16
35.37,-119.02
34.95,-120.44
43.65,-79.38
N/A,N/A
44.14,12.24
44.14,12.24
N/A,N/A
52.28,-1.58
41.31,-122.8
40.58,-74.15
26.61,-81.98
34.42,-119.7
40.71,-74.01
9.93,-84.08
39.78,-100.45
44.98,-93.27
41.61,-74.18
40.32,-74.62
40.69,-89.59
33.78,-84.44
33.78,-84.44
-0.22,-78.51
43.43,-88.18
40.97,-77.73
50,-86
40.73,-73.99
25.77,-80.19
34.05,-118.24
45.63,-122.67
45.63,-122.67
39.21,-76.07
39.26,-121.02
53.96,-1.08
35.23,-80.84
35.23,-80.84
40.71,-74.01
40.71,-74.01
37.8,-79.42
30.27,-97.74
55,-125
29.76,-95.37
51.05,-114.07
46.2,6.15
29.76,-95.37
37.44,-122.16
54.7,-3.28
40.2,-88.41
40.29,-75.21
33.78,-84.44
39.1,-84.51
40.33,-86.17
40.33,-86.17
43.35,-3.74
40.94,-74.13
39.29,-76.61
34.23,-77.94
37.44,-122.16
42.36,-71.06
51.05,3.73
42.27,-83.73
37.63,-122.43
45.5,-73.57
29.76,-95.37
45.28,-66.06
40.71,-74.01
51.51,-0.13
40.71,-74.01
43.65,-79.38
42.28,-87.83
42.28,-87.83
52.95,-1.15
47.97,-122.2
32.78,-96.8
32.78,-96.8
32.09,34.78
42.26,-71.8
48.86,2.35
N/A,N/A
33.92,-78.02
43.04,-72.79
38.89,-77.04
29.42,-98.5
39.58,-104.88
32.72,-117.16
38.58,-121.49
38.58,-121.49
27.95,-82.46
38.73,-105.61
40.71,-74.01
45.53,-73.29
45.53,-73.29
48.86,2.35
44.98,-93.27
N/A,N/A
43.86,-79.34
40.71,-74.01
51.05,-114.07
47.66,-117.42
37.78,-122.42
40.33,-74.6
40.33,-74.6
40.71,-74.01
40.71,-74.01
42.49,-83.14
33.74,-118.29
32.09,34.78
32.28,34.91
-37.81,144.96
37.78,-122.42
33.75,-84.39
9.41,-84.06
34.05,-118.24
37.74,-0.95
42.36,-71.06
42.36,-71.06
34.05,-118.24
40.93,-73.96
51.51,-0.13
34.75,-92.29
43.65,-79.38
36.7,-118.76
38.83,-104.83
33.45,-112.07
29.76,-95.37
40.71,-74.01
41.88,-87.62
N/A,N/A
44.65,-63.59
47.66,-117.42
38.98,-77.12
27.77,-97.39
9.93,-84.08
47.6,-122.33
41.86,-88.11
43.77,11.26
45.5,-73.57
40.46,-74.36
43.59,-79.64
37.78,-122.42
34.05,-118.24
41.13,-101.13
27.95,-82.46
29.65,-82.32
43.65,-79.38
-22.91,-43.21
46.2,6.15
9.92,-84.19
40.71,-74.01
43.65,-79.38
34.05,-118.24
34.05,-118.24
N/A,N/A
N/A,N/A
33.86,-118.4
N/A,N/A
N/A,N/A
27.87,-82.23
-17.69,-149.45
33.45,-112.07
37.8,-122.27
39.29,-76.61
10.46,-84.47
41.88,-87.62
37.78,-122.42
34.17,-118.91
34.17,-118.91
N/A,N/A
33.69,-117.83
40.71,-74.01
36.74,-119.78
40.71,-74.01
38.48,-80.84
N/A,N/A
19.43,-99.13
48.43,-123.36
43.24,-72.42
28.04,-81.95
9.41,-84.06
40.33,-86.17
33.45,-112.07
41.88,-87.62
1.36,103.82
43.64,-114.02
38.88,-77.09
33.78,-84.44
33.78,-84.44
44.39,-79.69
39.95,-75.16
39.95,-75.16
39,-120.83
32.52,-93.77
42.1,-75.91
42.1,-75.91
41.88,-87.62
32.17,34.83
9.41,-84.16
26.85,-82.29
30.05,-99.14
30.05,-99.14
27.52,-82.57
33.78,-84.44
33.44,-112.35
41.51,-81.69
34.1,-118.33
46.4,11.15
37.57,-85.16
33.78,-84.44
32.79,-79.94
N/A,N/A
28.16,-81.6
36.16,-95.99
41.74,-92.72
34.83,-116.08
34.14,-118.64
34.14,-118.64
38.77,-75.14
40.71,-74.01
32.79,-79.94
51.56,-1.79
-2.9,-79
9.93,-84.08
41.32,-110.39
41.32,-110.39
48.14,11.58
37.99,-1.13
44.09,-103.23
44.09,-103.23
51.92,4.48
19.27,-99.13
9.93,-84.08
52.63,1.29
40.71,-74.01
45.5,-73.57
33.75,-84.75
26.45,-81.95
33.78,-84.44
41.35,-72.08
27.77,-82.67
30.27,-97.74
51.45,-2.6
51.85,4.33
33.37,-112.58
32.09,34.78
33.86,-84.46
41.47,-73.49
41.47,-73.49
33.45,-112.07
41.06,-74.75
35.89,-80.56
26.98,-82.11
33.04,-117.29
29.76,-95.37
42.36,-71.06
27.75,-97.4
9.93,-84.08
40.23,-111.66
9.62,-84.6
43.16,-77.62
27.95,-82.46
27.95,-82.46
N/A,N/A
41.88,-87.62
-34.61,-58.44
-34.61,-58.44
51.51,-0.13
47.6,-122.33
39.1,-84.51
38.51,-122.85
38.51,-122.85
39.96,-75.61
43.61,-71.65
43.61,-71.65
25.77,-80.19
25.77,-80.19
52.52,1.01
35.6,-82.55
43.65,-79.38
52.36,6.47
9.41,-84.16
38.59,-90.54
35.98,-114.83
35.6,-82.55
35.6,-82.55
18.8,98.96
43.65,-79.38
53.35,-6.26
33.62,-117.93
40.39,-74.12
27.34,-82.53
33.62,-117.93
39.54,-119.75
34.17,-118.91
52.2,0.12
27.97,-82.8
30.33,-81.66
32.72,-117.16
32.72,-117.16
39.35,-100.46
41.6,-72.88
45.5,-73.57
45.5,-73.57
N/A,N/A
19.43,-99.13
43.08,-88.91
41.06,-74.75
35.23,-80.84
38.81,-77.05
39.75,-75.55
39.75,-75.55
5.34,-72.4
-34.61,-58.44
40.25,-74.85
29.79,-95.82
30.27,-97.74
30.27,-97.74
33.78,-84.44
4.65,-74.08
43.16,-77.62
40.71,-74.01
41.82,-71.41
5.34,-72.4
26.72,-80.05
38.89,-77.04
35.27,-80.44
40.08,-74.4
37.34,-121.89
30.27,-97.74
32.21,-95.88
34.05,-118.24
19.43,-99.13
42.5,-82.89
9.92,-84.14
40.56,-79.96
55.95,-3.19
46.21,-90.68
29.97,-95.7
39.74,-104.98
39.03,-84.45
24.56,-81.77
47.6,-122.33
N/A,N/A
N/A,N/A
29.76,-95.37
34.05,-118.24
33.45,-112.07
29.76,-95.37
31.43,-93.85
37.44,-122.16
34.34,-84.38
39.87,-75.59
49.26,-123.11
41.68,-88.35
41.68,-88.35
34.85,-82.4
41.13,-101.13
N/A,N/A
51.9,-2.07
40.24,-76.92
35.96,-83.92
40.77,-74.02
27.95,-82.46
39.93,-75.03
27.95,-82.46
33.45,-112.07
33.83,-117.93
32.9,-83.69
4.82,-75.68
35.91,-79.06
30.27,-97.74
26.93,-80.09
39.03,-77.47
31.19,29.94
39.62,-105.08
33.68,-118
51.53,-0.18
32.72,-117.16
32.78,-96.8
45.5,-73.57
30.27,-97.74
36.22,-121.39
47.6,-122.33
27.95,-82.46
27.95,-82.46
33.52,-86.8
30.27,-97.74
8.56,-81.13
40.71,-74.01
47.66,-117.42
30.27,-97.74
39.1,-84.51
26,-80.22
33.49,-111.93
32.78,-96.8
34.17,-118.91
34.96,-89.83
30.87,-92.01
34.05,-118.24
41.46,-71.78
4.63,-74.11
32.75,-97.33
42.78,-3.62
30.69,-88.04
35.78,-78.64
26.82,-80.14
32.94,-97.13
40.77,-73.82
34.57,-105.99
55.05,25.37
9.62,-84.6
29.65,-82.32
13.29,108.43
34.15,-118.14
43.66,-83.24
9.95,-85.68
25.98,-80.15
40.17,-105.1
25.77,-80.19
27.77,-82.67
38.58,-92.17
47.97,-122.2
N/A,N/A
N/A,N/A
52.95,-1.15
37.29,-121.94
39.74,-104.98
39.95,-75.16
33.45,-112.07
51.51,-0.13
51.51,-0.13
33.45,-112.07
33.83,-88.54
33.83,-88.54
38.97,-94.78
36.48,-121.71
30.44,-97.62
32.72,-117.16
52.52,13.39
38.97,-94.78
32.72,-117.16
35.78,-78.64
29.42,-98.5
29.76,-95.37
33.78,-84.44
29.56,-95.29
43.69,-79.76
28.8,-96.98
21.39,-157.73
36.06,-94.16
41.88,-87.62
27.95,-82.46
9.98,-84.83
9.41,-84.16
43.45,-80.49
9.93,-84.08
32.72,-117.16
47.56,-52.72
49.22,-122.6
40.11,-111.65
36.99,-86.44
N/A,N/A
23.06,-109.7
36.16,-85.5
34.27,-118.75
47.6,-122.33
49.26,-123.11
40.74,-74.17
4.61,-74.14
49.16,-123.94
26.93,-82.05
39.96,-76.73
32.97,-97.86
9.41,-84.06
49.89,-119.5
31.58,-84.16
38.89,-77.04
39.76,-84.19
33.95,-117.4
39.05,-95.68
39.05,-95.68
49.49,-119.59
53.48,-2.25
41.88,-87.62
39.84,-105.04
11.81,-85.9
35.82,-78.83
29.76,-95.37
36.73,-108.21
29.57,-97.96
N/A,N/A
51.41,-0.67
45.42,-75.69
35.41,-80.84
40.74,-74.17
40.71,-74.01
38.89,-77.04
42.36,-71.06
34.2,-118.65
38.89,-77.35
40.74,-74.17
43.07,-89.38
40.04,-75.39
28.93,-82
44.43,-89.69
40.71,-74.01
33.75,-117.87
33.75,-84.39
47.6,-122.33
19.43,-99.13
30.17,-95.5
53.16,-2.19
49.19,-122.85
40.85,-73.1
41.23,-80.49
50.82,-0.14
39.2,-86.54
9.17,-83.74
49.9,-97.14
-21.9,-46.91
30.27,-97.74
-21.9,-46.91
32.72,-117.16
25.77,-80.19
40.71,-74.01
49.32,-123.07
32.78,-96.8
39.45,-104.84
39.58,-104.88
39.24,-75.17
34.05,-118.24
33.49,-111.93
40.4,-105.07
51.51,-0.13
44.05,-71.13
43.59,-79.64
51.51,-0.13
42.1,-72.59
29.65,-82.32
43.59,-79.64
9.93,-84.08
50.94,4.04
34.54,-112.47
43.65,-79.38
39.92,-78.96
26.61,-81.98
33.75,-84.39
49.26,-123.11
33.31,-111.84
43.08,-88.21
56.02,-5.45
41.39,-70.62
37.78,-122.42
37.78,-122.42
30.33,-81.66
33.61,-117.72
49.89,-119.5
51.92,4.48
29.76,-95.37
45.42,-75.69
47.66,-117.42
40.51,-88.98
38.65,-90.24
40.08,-74.4
51.51,-0.13
33.31,-111.84
41.94,-72.73
34.05,-118.24
49.19,-122.85
45.8,-108.48
45.56,-73.2
52.52,13.39
40.72,-74.05
40.71,-74.01
43.65,-79.38
33.44,-112.36
40.85,-73.41
40.71,-74.01
40.46,-88.82
49.26,-123.11
30.27,-97.74
46.92,-114.04
40.85,-73.1
44.98,-93.27
32.47,-85
43.47,-80.52
43.07,-89.38
37.9,-122.06
45.99,-94.61
47.42,-120.31
41.14,-73.36
41.13,-101.13
41.13,-101.13
51.51,-0.13
9.25,-83.86
43.16,-75.84
34.05,-118.24
55.69,12.57
53.54,-113.51
42.44,-76.5
35.53,-81.03
33.95,-117.4
51.05,-114.07
38.31,-85.65
N/A,N/A
34,-81.03
52.24,1.05
52.37,4.89
48.78,-123.71
43.62,-116.2
43.62,-116.2
19.33,-81.17
40.48,-106.83
53.35,-6.26
32.75,-97.33
43.32,-112.16
39.06,-76.65
34.05,-118.24
35.08,-106.65
38.33,-75.08
40.71,-74.01
32.78,-96.8
-0.22,-78.51
25.79,-80.14
33.83,-117.93
45.11,-72.62
38.89,-77.04
51.87,-2.25
51.51,-0.13
43.07,-89.38
39.61,-105.02
31.82,-99.51
22.31,114.04
43.24,-72.42
53.41,-2.99
39.1,-84.51
38.3,-122.29
34.67,-93
37.22,-93.29
26.55,-97.42
41.66,-71.46
45.42,-75.69
33.75,-84.39
43.46,-80.52
44.44,-92.15
8.56,-81.13
50.39,-3.52
48.86,2.35
48.43,-123.36
43.05,-76.15
30.27,-97.74
4.67,-74.14
28.54,-81.38
45.5,-73.57
40.79,-73.54
40.79,-73.54
40.75,-92.4
45.5,-73.57
4.61,-74.14
37.78,-122.42
46.58,0.34
20.63,-87.08
40.71,-74.01
43.51,-79.88
39.95,-75.16
46.98,7.5
22.31,114.04
41.88,-87.62
40.29,-74.87
43.65,-79.38
34.03,-117.69
34.05,-118.24
41.14,-73.36
35.37,-119.02
49.29,8.7
51.35,-2.98
36.17,-115.15
40.71,-74.01
25.24,55.2
32.72,-117.16
39.16,-76.62
44.84,-0.58
52.23,21.07
38.83,-104.83
41.34,-81.56
42.36,-71.06
38.88,-77.09
40.31,-75.13
40.71,-74.01
9.41,-84.06
41.82,-71.41
41.38,2.18
44.65,-63.59
45.52,-122.67
40.71,-74.01
39.19,-76.86
37.78,-122.42
35.05,-85.31
47.67,9.59
-34.75,-58.45
35.23,-80.84
32.72,-117.16
55.86,-4.25
5.34,-72.4
45.52,-122.67
42.36,-71.06
35.08,-106.65
40.71,-74.01
40.42,-3.7
42.36,-71.06
50.85,4.35
40.71,-74.01
42.59,-88.43
43.07,-89.38
36.17,-115.15
35.97,-97.03
40.08,-74.4
42.38,-72.03
-6.82,39.28
N/A,N/A
4.63,-74.11
40.77,-73.93
37.89,-122.12
32.72,-117.16
38.71,-9.14
40.84,14.25
51.41,-0.74
40.71,-74.01
42.46,-92.3
32.43,-80.67
40.62,-79.15
49.26,-123.11
46.98,7.48
29.76,-95.37
32.79,-79.86
N/A,N/A
32.22,-98.21
32.22,-98.21
38.05,-84.5
34.29,-118.88
30.27,-97.74
29.21,-81.02
44.1,-69.11
N/A,N/A
38.25,-85.76
32.78,-96.8
33.69,-117.83
34.96,-97.27
38.84,-77.21
37.91,-122.54
30.27,-97.74
40.71,-74.01
32.09,34.78
37.78,-122.42
47.6,-122.33
5.34,-72.4
42.26,-71.8
40.71,-74.01
48.61,-93.4
50,-86
51.05,-114.07
N/A,N/A
40.71,-74.01
N/A,N/A
51.51,-0.09
45.99,-94.61
38.88,-77.09
47.6,-122.33
28.81,-81.88
30.27,-97.74
33.12,-117.08
10.47,-84.64
28.42,-81.58
40.71,-74.01
44.98,-93.27
38.89,-77.04
40.55,-105.07
34.05,-118.24
36.7,-118.76
44.48,-73.21
33.88,-117.57
34.7,-118.14
40.71,-74.01
28.49,-81.53
45.52,-122.67
26.53,-82.19
43.16,-75.84
64.04,-145.73
43.03,-87.92
39.78,-100.45
30.27,-97.74
50,-86
27.76,-81.46
39.78,-100.45
39.1,-94.58
44.98,-93.27
34.05,-118.24
34.05,-118.24
45.52,-122.67
30.44,-84.28
39.78,-100.45
36.75,-86.19
39.42,-111.71
51.51,-0.13
51.05,3.73
42.36,-71.06
32.7,-97.11
42.27,-83.73
44.39,-79.69
42.24,-71.37
-0.9,11.69
37.79,-122.36
35.18,-111.62
51.05,-114.07
51.51,-0.13
53.48,-2.25
35.77,-86.28
30.69,-88.04
39.93,-75.03
37.78,-122.42
38.27,-98.58
